frame,emotion,gaze_x,gaze_y,AU_0,AU_1,AU_2,AU_3,AU_4,AU_5,AU_6,AU_7
0,0,0.0017588697373867,-0.0219261683523654,0.0,0.0,0.0,0.0,0.0,0.0,0.002063704188913107,0.0009259424405172467
1,0,-0.0130415894091129,0.007890610024333,0.0,0.0,0.0,0.0,0.0,0.0,0.0072807795368134975,0.004926883149892092
2,0,-0.0024379938840866,0.0415501594543457,0.0,0.0,0.0,0.0,0.0,0.0,0.007061257492750883,0.002566017210483551
3,0,-0.00727479159832,-0.0442183353006839,0.0,0.0,0.0,0.0,0.0,0.0,0.004684127867221832,0.0027396271470934153
4,0,-0.0052126422524452,-0.0113941403105854,0.0,0.0,0.0,0.0,0.0,0.0,4.978049037163146e-05,0.0028755057137459517
5,0,0.0003553591668605,-0.0222313590347766,0.0,0.0,0.0,0.0,0.0,0.0,0.005912983790040016,0.00617309520021081
6,0,-0.0140796490013599,-0.0016762521117925,0.0,0.0,0.0,0.0,0.0,0.0027615667786449194,0.009080659598112106,0.00896388478577137
7,0,-0.0193858370184898,0.0506443791091442,0.0,0.0,0.0,0.0,0.0,0.0,0.003390238154679537,0.003616791218519211
8,0,-0.0472266040742397,0.0697959139943122,0.0,0.0,0.0,0.0,0.0,0.005344485864043236,0.028380252420902252,0.004931348841637373
9,0,-0.0693828165531158,0.1328457593917846,0.0,0.0,0.0,0.0,0.0,0.0,0.0008924230933189392,0.0001641492999624461
10,0,-0.0988805294036865,0.1158209145069122,0.0,0.0,0.0,0.0,0.0,0.006787150166928768,0.022153498604893684,0.007234880235046148
11,7,-0.0977628082036972,0.1051766648888588,0.0,0.0,0.0,0.0,0.0,0.016279172152280807,0.08591156452894211,0.003912901505827904
12,0,-0.0382919497787952,-0.0387367941439151,0.0,0.0,0.0,0.0,0.0,0.0,0.008986135944724083,0.0
13,0,-0.0345745049417018,-0.0609188713133335,0.0,0.0,0.0,0.0,0.0,0.0,0.01882411353290081,0.00018771004397422075
14,0,-0.0258859656751155,-0.0494429655373096,0.0,0.0,0.0,0.0,0.0,0.0,0.0061348541639745235,0.0031781953293830156
15,7,-0.0220693815499544,-0.0561887100338935,0.0,0.0,0.0,0.0,0.0,0.0,0.005139637738466263,0.0007936094771139324
16,7,-0.0283777564764022,-0.037131130695343,0.0,0.0,0.0,0.0,0.0,0.0,0.0034139466006308794,7.24220517440699e-05
17,7,-0.0279824007302522,-0.0701327174901962,0.0,0.0,0.0,0.0,0.0,0.0,0.00263573438860476,0.0
18,0,-0.0320868976414203,-0.0821817517280578,0.0,0.0,0.0,0.0,0.0,0.0,0.007038092240691185,0.0037644747644662857
19,0,-0.0265758000314235,-0.06118780747056,0.0,0.0,0.0,0.0,0.0,0.0,0.006874258164316416,0.0036447541788220406
20,0,-0.0164074543863534,-0.0497154556214809,0.0,0.0,0.0,0.0,0.0,0.0,0.004301161039620638,0.002381020924076438
21,0,-0.0266847014427185,-0.0251587778329849,0.0,0.0,0.0,0.0,0.0,0.0,0.007557263597846031,0.005094287917017937
22,0,-0.0039961747825145,-0.0693680793046951,0.0,0.0,0.0,0.0,0.0,0.0,0.0005178839201107621,0.002060424769297242
23,0,-0.0177832227200269,-0.0231558606028556,0.0,0.0,0.0,0.0,0.0,0.00019332377996761352,0.00412759417667985,0.006271141581237316
24,0,-0.0094548929482698,-0.0632813051342964,0.0,0.0,0.0,0.0,0.0,0.0,0.004487871192395687,0.002315239515155554
25,0,-0.019105240702629,-0.0642215311527252,0.0,0.0,0.0,0.0,0.0,0.0,0.001891322317533195,0.00248464266769588
26,0,-0.011372884735465,-0.0418535992503166,0.0,0.0,0.0,0.0,0.0,0.0,0.0007531269220635295,0.0025538138579577208
27,7,-0.0020898841321468,-0.0491125434637069,0.0,0.0,0.0,0.0,0.0,0.00021404330618679523,0.002755437046289444,0.0023317686282098293
28,7,-0.0268023293465375,-0.0486367084085941,0.0,0.0,0.0,0.0,0.0,0.0006951880641281605,0.005454533267766237,0.001701625413261354
29,0,-0.018021261319518,-0.0274814739823341,0.0,0.0,0.0,0.0,0.0,0.0010115322656929493,0.0038218144327402115,0.001939796726219356
30,7,-0.0380100756883621,-0.0606843940913677,0.0,0.0,0.0,0.0,0.0,0.0010395183926448226,0.008334738202393055,0.0
31,0,-0.0327817350625991,-0.0556440763175487,0.0,0.0,0.0,0.0,0.0,0.0,0.0013948756968602538,0.0026566102169454098
32,0,-0.0155930649489164,-0.0795334056019783,0.0,0.0,0.0,0.0,0.0,0.0,0.0008411055314354599,0.00014229722728487104
33,7,-0.0159302446991205,-0.0565569251775741,0.0,0.0,0.0,0.0,0.0,0.001685445779003203,0.0036643999628722668,0.00205951533280313
34,7,-0.0344417802989482,-0.0826631784439086,0.0,0.0,0.0,0.0,0.0,0.0,0.0007057709153741598,0.0004056589677929878
35,0,-0.0235540308058261,-0.0828371867537498,0.0,0.0,0.0,0.0,0.0,0.001123720547184348,0.0034343504812568426,0.0016407212242484093
36,0,-0.0225203558802604,-0.053361102938652,0.0,0.0,0.0,0.0,0.0,0.0022679613903164864,0.00481470488011837,0.0025497893802821636
37,7,-0.0120886024087667,-0.0597699545323848,0.0,0.0,0.0,0.0,0.0,0.0,0.0008917059167288244,0.0
38,0,-0.0381252877414226,-0.0567999444901943,0.0,0.0,0.0,0.0,0.0,0.0,0.0004526293487288058,0.0
39,7,-0.0177763514220714,-0.0694852247834205,0.0,0.0,0.0,0.0,0.0,0.00149607437197119,0.005053027532994747,0.0015978699084371328
40,0,-0.0240704827010631,-0.0693360716104507,0.0,0.0,0.0,0.0,0.0,0.00018997675215359777,0.0018850535852834582,0.001950203557498753
41,7,-0.0102380402386188,-0.0862917229533195,0.0,0.0,0.0,0.0,0.0,0.0,0.0026199803687632084,0.0
42,0,0.0510210022330284,-0.0714404210448265,0.0,0.0,0.0,0.0,0.0,0.0,0.0,0.000485720724100247
43,0,0.0533855780959129,-0.094983272254467,0.0,0.0,0.0,0.0,0.0,0.0,0.0,0.00048253213753923774
44,7,-0.0055464245378971,-0.0203237794339656,0.0,0.0,0.0,0.0,0.0,0.001945761381648481,0.005656162276864052,0.0036787267308682203
45,7,-0.0410304851830005,0.2080303728580474,0.0,0.0,0.0,0.0,0.0,0.00804703589528799,0.02123779058456421,0.0005042926641181111
46,7,-0.1524483561515808,0.2022799700498581,0.002127709798514843,0.006589945871382952,0.0,0.0,0.0,0.017087144777178764,0.09821535646915436,0.004588328767567873
47,7,-0.1556230038404464,0.1958670914173126,0.009319528006017208,0.015375606715679169,0.0,0.00029079263913445175,0.0,0.011612724512815475,0.00963688362389803,0.00623548636212945
48,7,-0.2076358199119568,0.1073818951845169,0.0,0.0,0.0,0.0,0.0,0.0,0.0006659657810814679,0.0
49,7,-0.039617221802473,0.0754119828343391,0.0028911062981933355,0.013567645102739334,0.0,0.0,0.0,0.0,0.0017332001589238644,0.00024261311045847833
50,7,-0.164653405547142,0.1995411664247512,0.006909256801009178,0.005391934420913458,0.0,0.004742196295410395,0.0,0.059580639004707336,0.7056487798690796,0.014078193344175816
51,7,-0.0872315838932991,0.1611685454845428,0.0,0.0,0.0,0.0,0.0,0.019107909873127937,0.23868802189826965,0.009181605651974678
52,0,-0.1656535863876342,0.1887983381748199,0.0,0.0,0.0,0.0,0.0,0.03477735072374344,0.33609554171562195,0.03626105934381485
53,7,-0.1594588160514831,0.1454623192548751,0.0,0.0,0.0,0.0,0.0,0.0021195115987211466,0.051232483237981796,0.0011436922941356897
54,7,-0.2565414905548095,0.1913060396909713,0.0,0.0,0.0,0.0,0.0,0.0,0.0,0.0
55,7,-0.1515844464302063,0.0004530842415988,0.0,0.0,0.0,0.0,0.0,0.004073632415384054,0.0043899789452552795,0.0
56,7,-0.0886195600032806,0.1124063804745674,0.0,0.0,0.0,0.0,0.0,0.016131117939949036,0.019312763586640358,0.0
57,7,-0.1003290712833404,0.0677663907408714,0.0,0.0,0.0,0.0,0.0,0.009815435856580734,0.014027572236955166,0.0
58,7,-0.0802736580371856,0.0306432209908962,0.0,9.017911361297593e-05,0.0,0.00039883452700451016,0.0,0.01924150250852108,0.10497348755598068,0.0029792129062116146
59,7,-0.0592442899942398,-0.0143329771235585,0.0005990826175548136,0.0029154056683182716,0.0,0.00042501333518885076,0.0,0.013352456502616405,0.01323635783046484,0.004357765428721905
60,7,-0.0402116738259792,0.0842233523726463,0.0,0.0013717146357521415,0.0,0.00016397664148826152,0.0,0.015980999916791916,0.03542887419462204,0.008364611305296421
61,7,-0.040049560368061,0.0597112625837326,0.0036914723459631205,0.00437379302456975,0.0,0.0,0.0,0.011185762472450733,0.06131884455680847,0.008543872274458408
62,7,-0.0442926362156868,0.0755585581064224,0.0013768479693681002,0.0040609086863696575,0.0,0.0,0.0,0.010470855049788952,0.01937864162027836,0.005401118658483028
63,7,-0.0404248721897602,0.116459846496582,0.0015933227259665728,0.0020640084985643625,0.0,0.0,0.0,0.009551960974931717,0.018430255353450775,0.007828900590538979
64,7,-0.0405864380300045,0.1408887505531311,0.0,0.0,0.0,0.0,0.0,0.010060237720608711,0.030083108693361282,0.010633102618157864
65,7,-0.040375679731369,0.1090215221047401,0.0,0.0,0.0,0.0,0.0,0.010895817540585995,0.02105177566409111,0.0046239690855145454
66,7,-0.040380660444498,0.1097746193408966,0.0,0.0,0.0,0.0,0.0,0.008930395357310772,0.01656443625688553,0.004828655626624823
67,7,-0.0401680283248424,0.0776238366961479,0.0,0.0,0.0,0.0,0.0,0.006067852955311537,0.011861415579915047,0.003270193934440613
68,7,-0.0445787236094474,0.0838633626699447,0.0,0.0,0.0,0.0,0.0,0.01175319030880928,0.019013315439224243,0.005493296310305595
69,7,-0.0398490019142627,0.0301857404410839,0.0,0.0,0.0,0.0,0.0,0.011068243533372879,0.022709190845489502,0.0007783155306242406
70,7,-0.0399434603750705,0.0436688028275966,0.0,0.002958415076136589,0.0,0.0,0.0,0.009468119591474533,0.013211386278271675,0.0022931306157261133
71,7,-0.0375357381999492,0.0245899707078933,0.0,0.0,0.0,0.0006553787388838828,0.0,0.032644085586071014,0.02247730828821659,0.0049650901928544044
72,7,-0.0399784594774246,0.0529178269207477,0.0,0.0,0.0,0.00013160188973415643,0.0,0.017709439620375633,0.014099077321588993,0.004307759925723076
73,7,-0.039942979812622,0.0475590340793132,0.0031371668446809053,0.004913891199976206,0.0,0.0,0.0,0.012909997254610062,0.02457551285624504,0.004414363298565149
74,7,-0.0402701124548912,0.0930596068501472,0.00033885170705616474,0.0,0.0,0.0,0.0,0.022490566596388817,0.04859192296862602,0.0072046550922095776
75,7,-0.040383905172348,0.1102650463581085,0.0,0.0,0.0,0.0,0.0,0.014393388293683529,0.06895392388105392,0.00393743347376585
76,7,-0.023794874548912,0.1098387464880943,0.0,0.0,0.0,0.00047657653340138495,0.0,0.04067796468734741,0.1043711006641388,0.006037961225956678
77,7,-0.0299200676381587,0.0981298759579658,0.0,0.0,0.0,0.0,0.0,0.03353989124298096,0.029669756069779396,0.0045672194100916386
78,7,-0.0404013581573963,0.1553775519132614,0.0,0.0,0.0,0.0,0.0,0.017338238656520844,0.04044725000858307,0.002273643622174859
79,7,-0.0405692160129547,0.1382851600646972,0.0,0.0,0.0,0.00012709572911262512,0.0,0.027977105230093002,0.04404880851507187,0.004422346130013466
80,7,-0.0405086688697338,0.1291299760341644,0.0,0.0,0.0,0.0001977289648493752,0.0,0.029848597943782806,0.03390798345208168,0.004118982702493668
81,7,-0.040348008275032,0.1048377677798271,0.0,0.0,0.0,0.00020614906679838896,0.0,0.03330475836992264,0.161929652094841,0.006190660409629345
82,7,-0.0336275920271873,0.1127331927418708,0.0,0.0,0.0,3.074442793149501e-05,0.0,0.019663367420434952,0.04987847059965134,0.0027572750113904476
83,7,-0.0404010117053985,0.1128521636128425,0.0,0.0,0.0,0.00013897259486839175,0.0,0.017220288515090942,0.03187061846256256,0.00574397062882781
84,7,-0.0231359973549842,0.1190824210643768,5.420567322289571e-05,0.0,0.0,0.0001498926430940628,0.0,0.014992976561188698,0.03946458548307419,0.004436596296727657
85,7,-0.0249562375247478,0.1442421972751617,0.004481425043195486,0.0025103390216827393,0.0,0.0009654355817474425,0.0,0.0349411815404892,0.06472577154636383,0.004798761568963528
86,7,-0.0396774560213089,0.116690881550312,0.004239675588905811,0.0017582569271326065,0.0,0.0073246704414486885,0.0,0.05781267583370209,0.11952866613864899,0.013350127264857292
87,7,-0.0342369973659515,0.1419141143560409,0.000800258363597095,0.0,0.0,0.00047020637430250645,0.0,0.026155810803174973,0.02172446995973587,0.005443617235869169
88,7,-0.0324127748608589,0.1491608023643493,0.0,0.0,0.0,0.00022302291472442448,0.0,0.0394725576043129,0.06956210732460022,0.007941403426229954
89,7,-0.0206728819757699,0.1731332242488861,0.0,0.0,0.0,0.0,0.0,0.015769295394420624,0.04104740172624588,0.0021949296351522207
90,7,-0.0404383242130279,0.1184935644268989,0.0,0.0,0.0,0.005070818588137627,0.0,0.04838269203901291,0.423525333404541,0.00960184819996357
91,7,-0.0324127897620201,0.1383012980222702,0.0036595268175005913,0.0024728511925786734,0.0,0.002013653051108122,0.0,0.03092602640390396,0.09448634088039398,0.00542303454130888
92,7,-0.0404829196631908,0.1252364367246627,0.0,0.0,0.0,0.00038522170507349074,0.0,0.03425193578004837,0.034327417612075806,0.004940993618220091
93,7,-0.032958447933197,0.1111662834882736,0.0,0.0,0.0,0.0005558297852985561,0.0,0.03317192196846008,0.05587860941886902,0.0048257941380143166
94,7,-0.0404600091278553,0.1217725798487663,0.0,0.0,0.0,0.00022694903600495309,0.0,0.03638720512390137,0.12812736630439758,0.005638089030981064
95,7,-0.1203075647354126,0.2099583148956298,0.006528601516038179,0.007736542262136936,0.0,0.00048611967940814793,0.0,0.03793664276599884,0.29429012537002563,0.0045662312768399715
96,7,-0.098514512181282,0.1790722906589508,0.0,0.0,0.0,0.00013693183427676558,0.0,0.022825069725513458,0.2210652232170105,0.002979970769956708
97,7,-0.124757632613182,0.1594221442937851,0.004669749643653631,0.0028217595536261797,0.0,0.0027582552284002304,0.0,0.04001566767692566,0.22679460048675537,0.016997212544083595
98,7,-0.0979518145322799,0.1645757257938385,0.0,0.0,0.0,0.004385977052152157,0.0,0.0805392935872078,0.2805897891521454,0.00723716476932168
99,7,-0.0392835065722465,0.0372816622257232,0.0,0.0,0.0,0.0,0.0,0.04214116930961609,0.20831149816513062,0.0048188925720751286
100,7,-0.0384326875209808,-0.0280207730829715,0.0,0.0,0.0,5.531061106012203e-05,0.0,0.03554520756006241,0.038749247789382935,0.0062502725049853325
101,7,-0.0179028268903493,0.0111436489969491,0.0,0.0,0.0,0.0,0.0,0.02760140597820282,0.029579944908618927,0.004004156682640314
102,7,-0.0299499202519655,-0.0106061771512031,0.0,0.0,0.0,0.0,0.0,0.013006341643631458,0.05675305798649788,0.0018649655394256115
103,7,-0.0175757016986608,0.002410516841337,0.0,0.0,0.0,0.00024801737163215876,0.0,0.022712189704179764,0.05174918472766876,0.005744213238358498
104,7,-0.0193961858749389,0.0213703475892543,0.0,0.0,0.0,1.68189453688683e-05,0.0,0.018407616764307022,0.04846788942813873,0.00518028112128377
105,7,-0.0256926082074642,-0.0003120354376733,0.0,0.0,0.0,0.0005799095961265266,0.0,0.0280758086591959,0.024192873388528824,0.007493693381547928
106,7,-0.0181293059140443,0.0591481626033782,0.0,0.0,0.0,0.0,0.0,0.013244155794382095,0.14763739705085754,0.003202965948730707
107,7,-0.0173887908458709,0.0618534535169601,0.0,0.0,0.0,1.4650232515123207e-05,0.0,0.025219468399882317,0.11199212074279785,0.003657629946246743
108,7,-0.0224661547690629,0.0362139604985713,0.0,0.0,0.0,0.0,0.0,0.02150983363389969,0.026938199996948242,0.00363203720189631
109,7,-0.0240765586495399,0.0570031516253948,0.0,0.0,0.0,0.0,0.0,0.014851096086204052,0.10507276654243469,0.003952513448894024
110,7,-0.0208016596734523,0.0581108629703521,0.0,0.0,0.0,0.0,0.0,0.007791663054376841,0.03621160238981247,0.0011435486376285553
111,7,-0.0061988532543182,0.0188506767153739,0.0,0.0,0.0,0.0,0.0,0.013384207151830196,0.0457661896944046,0.0026760546024888754
112,7,-0.0117316972464323,0.0462134405970573,0.0,0.0,0.0,0.0,0.0,0.011050851084291935,0.04352761059999466,0.0015130212996155024
113,7,-0.007791094481945,0.0214704163372516,0.00033324791002087295,0.0,0.0,0.0,0.0,0.01586209051311016,0.07087411731481552,0.004668138921260834
114,7,-0.0005401112139225,-0.04929955676198,0.000576450431253761,0.0,0.0,0.0,0.0,0.017583871260285378,0.02904808148741722,0.004447237588465214
115,7,-0.002491969615221,0.0122834295034408,0.003379661124199629,0.002501008566468954,0.0,0.0013079213676974177,0.0,0.021436937153339386,0.031255099922418594,0.0063858781941235065
116,7,0.0067212507128715,-0.0270832292735576,0.0,0.0,0.0,0.0,0.0,0.01637682504951954,0.09023784846067429,0.005687313620001078
117,7,-0.0147051233798265,0.0055873780511319,0.0,0.0,0.0,2.2481768610305153e-05,0.0,0.00895523838698864,0.010217425413429737,0.005841752979904413
118,7,-0.0113401524722576,0.025075826793909,0.0,0.0,0.0,0.0,0.0,0.009015383198857307,0.03377746790647507,0.004280513152480125
119,7,-0.0161953270435333,0.0407837927341461,0.0,0.0,0.0,0.0,0.0,0.009570017457008362,0.024143964052200317,0.0024798987433314323
120,7,-0.0188383217900991,0.0112170130014419,0.0,0.0,0.0,0.0,0.0,0.0057533495128154755,0.01180048193782568,0.003174437442794442
121,7,-0.017088221386075,0.0054964469745755,0.0,0.0,0.0,0.0,0.0,0.005667376331984997,0.011620553210377693,0.003643608186393976
122,7,-0.008213572204113,-0.0273716002702713,0.0,0.0,0.0,0.0,0.0,0.0031537506729364395,0.013917873613536358,0.0017750326078385115
123,7,-0.006809514015913,-0.0050119180232286,0.0,0.0,0.0,0.0,0.0,0.005951177328824997,0.019560329616069794,0.001119965803809464
124,7,-0.0048373378813266,0.0172239653766155,0.0,0.0,0.0,0.0,0.0,0.0076102386228740215,0.02799372375011444,0.0031015784479677677
125,0,-0.0105636492371559,0.0497653484344482,0.0,0.0,0.0,0.0,0.0,0.002127412473782897,0.010818754322826862,0.0014471194008365273
126,7,-0.0163893997669219,0.0654168650507927,0.0,0.0,0.0,0.0,0.0,0.01608281582593918,0.17182177305221558,0.005359286442399025
127,7,-0.023501681163907,0.0335335619747638,0.0,0.0,0.0,0.0,0.0,0.00789963360875845,0.0705423429608345,0.002041650004684925
128,0,-0.1173843219876289,0.177970677614212,0.00544728571549058,0.005716931074857712,0.0,0.0,0.0,0.016047131270170212,0.12707562744617462,0.010551596991717815
129,0,-0.1559447199106216,0.1372939199209213,0.0,0.0,0.0,0.0,0.0,0.009820105507969856,0.037041839212179184,0.00426712678745389
130,7,-0.1170947253704071,0.1929131746292114,0.0027982040774077177,0.0030128289945423603,0.0,0.00018013594672083855,0.0,0.030465126037597656,0.16900235414505005,0.009376559406518936
131,7,-0.0569819100201129,0.0686188861727714,0.0,0.0,0.0,0.00010971970914397389,0.0,0.04896480590105057,0.23650860786437988,0.0035309884697198868
132,7,-0.0400335267186164,0.0869336500763893,0.0,0.0,0.0,0.0,0.0,0.019792091101408005,0.07881610095500946,0.0010781100718304515
133,7,-0.023925743997097,0.0006934334523975,0.0,0.0,0.0,0.0,0.0,0.00523513276129961,0.009956343099474907,0.0
134,7,-0.0256687588989734,0.0083377407863736,0.0,0.0,0.0,0.0,0.0,0.0025395650882273912,0.00980253703892231,0.0006655205506831408
135,7,-0.015960406512022,0.0054353210143744,0.0,0.0,0.0,0.0,0.0,0.0,0.006097704637795687,0.0
136,7,-0.032315693795681,-0.0041999453678727,0.0,0.0,0.0,0.0,0.0,0.009431314654648304,0.021233832463622093,0.001537236152216792
137,7,-0.0121913943439722,0.0309137292206287,0.0,0.0,0.0,0.0,0.0,0.004882108885794878,0.008419790305197239,0.0008582001319155097
138,0,-0.0257469117641448,0.0486139319837093,0.0,0.0,0.0,0.0,0.0,0.002621725434437394,0.011475742794573307,0.0011726837838068604
139,0,-0.0127975791692733,0.0002330718562006,0.0,0.0,0.0,0.0,0.0,0.0033155109267681837,0.006523692049086094,0.0004565234121400863
140,7,-0.018950106576085,0.0051641473546624,0.0,0.0,0.0,0.0,0.0,0.014934515580534935,0.06553489714860916,0.003680679015815258
141,7,-0.0311906263232231,0.0055504874326288,0.0,0.0,0.0,0.0,0.0,0.009473171085119247,0.08847329765558243,0.002877148101106286
142,0,-0.0244202464818954,0.0189412720501422,0.0,0.0,0.0,0.0,0.0,0.005062098614871502,0.01543415430933237,0.003773920238018036
143,7,-0.0289124231785535,0.0211124457418918,0.0,0.0,0.0,0.0,0.0,0.007040076889097691,0.017716001719236374,0.0032203381415456533
144,7,-0.0244519487023353,-0.0103263072669506,0.0,0.0,0.0,0.0,0.0,0.004834202583879232,0.005598750431090593,0.0023739500902593136
145,7,-0.0303206536918878,-0.0037011364474892,0.0,0.0,0.0,0.0,0.0,0.006698581390082836,0.010739995166659355,0.0019943781662732363
146,7,-0.0251818522810935,-0.0169970467686653,0.0,0.0,0.0,0.0,0.0,0.006702091544866562,0.02326233498752117,0.003500614082440734
147,7,-0.0133591387420892,-0.0215264186263084,0.0,0.0,0.0,0.0,0.0,0.0024239071644842625,0.004438769072294235,0.003081707749515772
148,7,-0.020950311794877,-0.0207449086010456,0.0,0.0,0.0,0.0,0.0,0.0058543020859360695,0.01177410501986742,0.004463942255824804
149,0,-0.0199125073850154,0.02260597422719,0.0,0.0,0.0,0.0,0.0,0.00320984679274261,0.013593698851764202,0.003441503271460533
150,0,-0.0117580220103263,-0.0330323949456214,0.0,0.0,0.0,0.0,0.0,0.005648728460073471,0.1340126395225525,0.003446524729952216
151,7,-0.013205723837018,-0.0314702987670898,0.0,0.0,0.0,0.0,0.0,0.0033484441228210926,0.014286823570728302,0.0019016583682969213
152,0,-0.0120017882436513,-0.002243529073894,0.0,0.0,0.0,0.0,0.0,0.0005739208427257836,0.009649388492107391,0.0014416255289688706
153,0,-0.0067959725856781,-0.0004220893606543,0.0,0.0,0.0,0.0,0.0,0.009909741580486298,0.03344419598579407,0.003886655205860734
154,0,-0.0025596097111701,-0.0150402905419468,0.0,0.0,0.0,0.0,0.0,0.0026376922614872456,0.006411553360521793,0.0009319825330749154
155,7,-0.009969588369131,-0.0288442708551883,0.0,0.00023600041458848864,0.0,0.0,0.0,0.005100579001009464,0.010615584440529346,0.001911353669129312
156,7,-0.0180738419294357,0.0336571224033832,0.0,0.001368692028336227,0.0,0.0,0.0,0.00748323742300272,0.012557357549667358,0.002888857387006283
157,7,-0.0043848231434822,-0.0028685005381703,0.0,0.0,0.0,0.0,0.0,0.005138435401022434,0.010404436849057674,0.0015363190323114395
158,0,-0.0171728823333978,0.0377746261656284,0.0,0.0,0.0,0.0,0.0,0.004522108472883701,0.014638611115515232,0.00406856182962656
159,7,-0.0269799791276454,0.029742743819952,0.0,0.0,0.0,0.0,0.0,0.012899665161967278,0.12765797972679138,0.004208791069686413
160,7,-0.0245219655334949,0.0037338503170758,0.0034512358251959085,0.002852939534932375,0.0,0.0006988447858020663,0.0,0.021160807460546494,0.04631415009498596,0.002685129176825285
161,7,0.0001964420080184,-0.0247511379420757,0.00029590335907414556,0.0,0.0,0.0,0.0,0.01912268064916134,0.0751941129565239,0.007623787969350815
162,7,-0.0012770816683769,-0.0547285601496696,0.0,4.604028072208166e-05,0.0,0.0,0.0,0.005019389092922211,0.01104957889765501,0.004323160741478205
163,7,-0.0061639323830604,-0.0370738320052623,0.0,0.0,0.0,0.0,0.0,0.0038410788401961327,0.008053998462855816,0.002463466953486204
164,7,-0.0192173793911933,0.021252118051052,0.0,0.0,0.0,0.0006001215660944581,0.0,0.02335526794195175,0.017086725682020187,0.003994464408606291
165,7,-0.0398209504783153,0.050829891115427,0.0,0.0,0.0,0.009126863442361355,0.0,0.08823733031749725,0.0240242388099432,0.006222792435437441
166,7,-0.0404108874499797,0.114344872534275,0.0,0.0,0.0,0.006112033501267433,0.0,0.05624827742576599,0.06537570059299469,0.010004285722970963
167,7,-0.0404311493039131,0.1174089387059211,0.0,0.0,0.0,0.0,0.0,0.020579222589731216,0.022746572270989418,0.008126679807901382
168,7,-0.040408544242382,0.1139906793832779,0.0,0.0,0.0,0.0,0.0,0.03137695789337158,0.05110426992177963,0.005738853942602873
169,7,-0.0498369745910167,0.1197532340884208,0.0,0.0,0.0,0.0,0.0,0.013419898226857185,0.017295153811573982,0.004984309896826744
170,7,-0.0401946529746055,0.0816499888896942,0.0,0.0,0.0,0.0001999732048716396,0.0,0.027923354879021645,0.26331260800361633,0.009376601316034794
171,7,-0.0402869582176208,0.0956063643097877,0.0,0.0,0.0,0.0,0.0,0.018252935260534286,0.16340580582618713,0.005344646982848644
172,7,-0.1367903649806976,0.1645648926496505,0.003183384658768773,0.0018713531317189336,0.0,0.00024273362942039967,0.0,0.04816851019859314,0.23578830063343048,0.010075575672090054
173,7,-0.1569575667381286,0.1810082644224167,0.004157756455242634,0.0020409030839800835,0.0,0.0052201817743480206,0.0,0.05753863602876663,0.3347151279449463,0.005621048156172037
174,7,-0.1818786263465881,0.2339887022972107,0.0019110938301309943,0.0,0.0,0.003262706333771348,0.0,0.07577542960643768,0.3444666266441345,0.007125580683350563
175,7,-0.0857447162270546,0.1614697128534317,0.0,0.0,0.0,0.0035783033818006516,0.0,0.10680069029331207,0.22373662889003754,0.006110949907451868
176,7,-0.040121667087078,0.0706141367554664,0.0,0.0,0.0,0.0,0.0,0.054797254502773285,0.17668722569942474,0.0011102835414931178
177,7,-0.0394441410899162,0.0082350308075547,0.0,0.0,0.0,0.0,0.0,0.03700154274702072,0.03354429081082344,0.0027988015208393335
178,7,-0.0605372190475463,0.0657724291086196,0.0,0.0,0.0,0.0003501279279589653,0.0,0.061327289789915085,0.24466443061828613,0.009433499537408352
179,7,-0.047863095998764,0.06559619307518,0.0,0.0,0.0,0.004803119692951441,0.0,0.06847585737705231,0.47027841210365295,0.007613158784806728
180,7,-0.0399896278977394,0.0506492815911769,0.0,0.0,0.0,0.0010200587566941977,0.0,0.056053996086120605,0.030357180163264275,0.009257558733224869
181,7,-0.0281575676053762,0.0781207904219627,0.0002627043577376753,0.0,0.0,0.0004036983591504395,0.0,0.036571018397808075,0.09480120241641998,0.004896770231425762
182,7,-0.0400580428540706,0.0609937012195587,0.0,0.0,0.0,0.0,0.0,0.05932047590613365,0.1354740709066391,0.010953938588500023
183,7,-0.0398860201239585,0.0349833220243454,0.0,0.0,0.0,0.0,0.0,0.0469139963388443,0.11500116437673569,0.005087596829980612
184,7,-0.0401077233254909,0.0685060322284698,0.0,0.0,0.0,0.0013424186035990715,0.0,0.14803406596183777,0.09308670461177826,0.012583361007273197
185,7,-0.0400366447865963,0.057758655399084,0.0,0.0,0.0,0.0,0.0,0.06594236195087433,0.09792754054069519,0.00962989404797554
186,7,-0.0398705564439296,0.032645609229803,0.0,0.0,0.0,0.0012211085995659232,0.0,0.07044757157564163,0.11311206966638565,0.014649022370576859
187,7,-0.0398909822106361,0.0357336513698101,0.0,0.0,0.0,0.0,0.0,0.02231801114976406,0.03937945142388344,0.004336797632277012
188,7,-0.0400815121829509,0.0645427331328392,0.0,0.0,0.0,0.0,0.0,0.023463109508156776,0.03067879006266594,0.002350124064832926
189,7,-0.0396974273025989,0.033679150044918,0.0,0.0,0.0,0.0,0.0,0.09754346311092377,0.1360279619693756,0.004999584052711725
190,7,-0.0355670601129531,0.0167008936405181,0.0,0.0,0.0,0.0,0.0,0.029254943132400513,0.02992861345410347,0.004888214636594057
191,7,-0.0394429638981819,0.0072526345029473,0.0,0.0,0.0,1.9301533029647544e-05,0.0,0.03720099851489067,0.06612847745418549,0.005072044208645821
192,7,-0.0302661024034023,0.0368572659790515,0.0,0.0,0.0,2.1598303646896966e-05,0.0,0.044085923582315445,0.02629072219133377,0.0047777858562767506
193,7,-0.0399704799056053,0.0510311126708984,0.0,0.0,0.0,0.0001751553500071168,0.0,0.04095478355884552,0.024219367653131485,0.004128564614802599
194,7,-0.037946917116642,0.0762224048376083,0.0,0.0,0.0,0.0,0.0,0.04454571008682251,0.025293081998825073,0.002459543524309993
195,7,-0.0360765680670738,0.0899370536208152,0.0,0.0,0.0,0.0001253289810847491,0.0,0.04371041804552078,0.08003672957420349,0.00460903299972415
196,7,-0.0401383489370346,0.0731367021799087,0.0,0.0,0.0,0.0052565038204193115,0.0,0.07906895875930786,0.028940144926309586,0.006017729174345732
197,7,-0.0330117270350456,0.1022957265377044,0.0,0.0,0.0,0.005522356368601322,0.0,0.16966091096401215,0.028484895825386047,0.006258923094719648
198,7,-0.0368671938776969,0.1108612865209579,0.0,0.0,0.0,0.002112714108079672,0.0,0.06479384005069733,0.03167044743895531,0.004175510257482529
199,7,-0.0383868999779224,0.082483597099781,0.0,0.0,0.0,0.00451623322442174,0.0,0.12702186405658722,0.050468407571315765,0.006895235273987055
200,7,-0.0386251211166381,0.0966860577464103,0.0,0.0,0.0,0.004262556321918964,0.0,0.08366555720567703,0.02159535326063633,0.005801273975521326
201,7,-0.0382372848689556,0.1160598918795585,0.0,0.0,0.0,0.005867890082299709,0.0,0.16426017880439758,0.07517346739768982,0.005052766762673855
202,7,-0.0377040207386016,0.0914374068379402,0.0,0.0,0.0,0.00039237813325598836,0.0,0.07763026654720306,0.014617020264267921,0.006900092586874962
203,7,-0.0388749130070209,0.0947005227208137,0.0,0.0,0.0,0.0009918196592479944,0.0,0.16723105311393738,0.027272384613752365,0.004844974726438522
204,7,-0.0402935184538364,0.0965987667441368,0.0,0.0,0.0,0.0071503110229969025,0.0,0.43640267848968506,0.04150591790676117,0.009390558116137981
205,7,-0.0401061102747917,0.0682617351412773,0.0,0.0,0.0,0.013807257637381554,0.0,0.6904370784759521,0.35569483041763306,0.017489254474639893
206,7,-0.040214255452156,0.0846137180924415,0.0,0.0,0.0,0.01352672278881073,0.0,0.45256197452545166,0.12360696494579315,0.00995651725679636
207,7,-0.0355335921049118,0.0332957804203033,0.0,0.0,0.0,0.0006461204029619694,0.0,0.3196856379508972,0.036084018647670746,0.011937533505260944
208,7,-0.0215435624122619,0.0539862737059593,0.0,0.0,0.0,0.0016795321134850383,0.0,0.2756234407424927,0.04563290625810623,0.013607652857899666
209,7,-0.0397028066217899,0.0158226490020751,0.0,0.0,0.0,0.007508887909352779,0.0,0.45727619528770447,0.27192237973213196,0.01365694124251604
210,7,-0.0400239266455173,0.0558356493711471,0.0,0.0,0.0,0.024297526106238365,0.0,0.6853219270706177,0.2687538266181946,0.021738292649388313
211,7,-0.0400197878479957,0.0552094988524913,0.0,0.0,0.0,0.013295218348503113,0.0,0.6894167065620422,0.10947294533252716,0.025017619132995605
212,7,-0.0385937243700027,0.0577134080231189,0.0,0.0,0.0,0.01860940083861351,0.0,0.6865532994270325,0.025229094550013542,0.02498074434697628
213,7,-0.0400353781878948,0.0781243219971656,0.0,0.0,0.0,0.012386973947286606,0.0,0.19522279500961304,0.06200958415865898,0.026879912242293358
214,7,-0.0399069190025329,0.038143690675497,0.0,0.0,0.0,0.009386995807290077,0.0,0.35985273122787476,0.03380420058965683,0.015451548621058464
215,7,-0.0239299833774566,0.0463229306042194,0.0,0.0,0.0,0.002451450563967228,0.0,0.14626631140708923,0.01966797560453415,0.016688961535692215
216,7,-0.0342698283493518,0.12706358730793,0.0,0.0,0.0,0.01255604438483715,0.0,0.24874019622802734,0.038116585463285446,0.0099435243755579
217,7,-0.0241198446601629,0.0907856002449989,0.0,0.0,0.0,0.00825804378837347,0.0,0.159705251455307,0.01724531315267086,0.004522606264799833
218,7,-0.0226923506706953,0.0640720874071121,0.0,0.0,0.0,0.011405190452933311,0.0,0.19065281748771667,0.017428839579224586,0.0036607931833714247
219,7,-0.0243963003158569,0.0774603560566902,0.0,0.0,0.0,0.034406013786792755,0.0,0.6589728593826294,0.01942381076514721,0.004433228634297848
220,7,-0.0357999987900257,0.0632475689053535,0.0,0.0,0.0,0.014960875734686852,0.0,0.5236978530883789,0.11473017930984497,0.008435088209807873
221,7,-0.0242216102778911,0.1000089943408966,0.0,0.0,0.0,0.01890379935503006,0.0,0.2601894736289978,0.021932518109679222,0.008283906616270542
222,7,-0.0215964671224355,0.0500118657946586,0.0,0.0,0.0,0.011349317617714405,0.0,0.13448598980903625,0.0114052202552557,0.003560771467164159
223,7,-0.0401799120008945,0.079420730471611,0.0,0.0,0.0,0.038429368287324905,0.0,0.44892698526382446,0.042267877608537674,0.006576544139534235
224,7,-0.1241243630647659,0.1350425332784652,0.005934210028499365,0.006702020298689604,0.0,0.016493454575538635,0.0,0.11146671324968338,0.13226790726184845,0.011965355835855007
225,7,-0.1460812240839004,0.2045956552028656,0.0,0.0,0.0,0.038452330976724625,0.0,0.32912057638168335,0.12747421860694885,0.00968199037015438
226,7,-0.098205879330635,0.1886415034532547,0.00022400091984309256,0.0,0.0,0.03552195802330971,0.0,0.22454999387264252,0.08647201955318451,0.007977859117090702
227,7,-0.0407996475696563,0.1731269061565399,0.0,0.0,0.0,0.010528771206736565,0.0,0.09138315171003342,0.024102352559566498,0.004556606523692608
228,7,-0.0401738248765468,0.0839541926980018,0.0,0.0,0.0,0.0172274187207222,0.0,0.16339579224586487,0.024414286017417908,0.0037568602710962296
229,7,-0.0392300859093666,0.1083574071526527,0.0,0.0,0.0,0.014361054636538029,0.0,0.2070634663105011,0.021599574014544487,0.003688073018565774
230,7,-0.0403047427535057,0.0982957854866981,0.0,0.0,0.0,0.01669979840517044,0.0,0.29425114393234253,0.016854941844940186,0.004196830093860626
231,7,-0.0345901697874069,0.0710554346442222,0.0,0.0,0.0,0.0037992740981280804,0.0,0.08899728953838348,0.0208749957382679,0.00431396160274744
232,7,-0.0341098383069038,0.0940881744027137,0.0,0.0,0.0,0.004814072512090206,0.0,0.09407959878444672,0.02161315642297268,0.004544612020254135
233,7,-0.0402030497789382,0.0829194411635398,0.0,0.0,0.0,0.0032737846486270428,0.0,0.13067971169948578,0.027377024292945862,0.004809628706425428
234,7,-0.027121553197503,0.0980060324072837,0.0,0.0,0.0,0.014270331710577011,0.0,0.19037504494190216,0.05278356373310089,0.005553801544010639
235,7,-0.0396506674587726,0.0967755541205406,0.0,0.0,0.0,0.010669097304344177,0.0,0.12040433287620544,0.032793376594781876,0.004580278415232897
236,7,-0.0064295977354049,0.1234589144587516,0.0,0.0,0.0,0.0002718835021369159,0.0,0.02546723745763302,0.009573129005730152,0.005132279824465513
237,7,-0.026617057621479,0.1226255297660827,0.0,0.0,0.0,0.0,0.0,0.02899889275431633,0.034209076315164566,0.0077888634987175465
238,7,-0.0210994575172662,0.1287345141172409,0.0,0.0,0.0,0.0003862261073663831,0.0,0.0740353986620903,0.015303774736821651,0.005009057000279427
239,7,-0.0190938878804445,0.0797258839011192,0.0,0.0,0.0,0.0002155612310161814,0.0,0.039431508630514145,0.009524237364530563,0.006283980794250965
240,7,-0.0148490294814109,0.097630076110363,0.0,0.0,0.0,0.0,0.0,0.026982199400663376,0.008147267624735832,0.0016115267062559724
241,7,-0.0150164067745208,0.073490522801876,0.0,0.0,0.0,0.0010349573567509651,0.0,0.05285784602165222,0.011015349067747593,0.004430576227605343
242,7,-0.028081577271223,0.0857399255037307,0.0,0.0,0.0,0.010982148349285126,0.0,0.1297968626022339,0.023508111014962196,0.005111833103001118
243,7,-0.0383022055029869,0.073627233505249,0.0,0.0,0.0,0.009667562320828438,0.0,0.1329422891139984,0.039020199328660965,0.009798506274819374
244,7,-0.0398435592651367,0.0920251086354255,0.0,0.0,0.0,0.010507562197744846,0.0,0.15672869980335236,0.0171394981443882,0.004562806338071823
245,7,-0.0402998924255371,0.0975623056292533,0.0,0.0,0.0,0.008989201858639717,0.0,0.10927611589431763,0.037333302199840546,0.008265089243650436
246,7,-0.0402986258268356,0.0973709151148796,0.0,0.0,0.0,0.003790015820413828,0.0,0.09897173941135406,0.022956516593694687,0.0065213474445044994
247,7,-0.0403885431587696,0.1109665557742118,0.0,0.0,0.0,0.006504158489406109,0.0,0.16291296482086182,0.015862789005041122,0.004634706303477287
248,7,-0.0388627871870994,0.1160529106855392,0.0,0.0,0.0,0.00425332598388195,0.0,0.08697535842657089,0.013087832368910313,0.007012729533016682
249,7,-0.040290530771017,0.0961465463042259,0.0006189412088133395,0.0,0.0,0.0034353844821453094,0.0,0.05871113762259483,0.03104422613978386,0.004200733732432127
250,7,-0.0253863260149955,0.10099808126688,0.0,0.0,0.0,0.0034222060348838568,0.0,0.0721813440322876,0.018281545490026474,0.003983303904533386
251,7,-0.0401757694780826,0.0787943005561828,0.0,0.0,0.0,0.004903361666947603,0.0,0.09233938157558441,0.010906070470809937,0.0047733052633702755
252,7,-0.0402369014918804,0.0880380794405937,0.0,0.0,0.0,0.004871762823313475,0.0,0.0893939658999443,0.012898819521069527,0.005965689662843943
253,7,-0.0390710830688476,0.0676824897527694,0.0,0.0,0.0,0.001037629321217537,0.0,0.055247239768505096,0.009672282263636589,0.004852699115872383
254,7,-0.040251862257719,0.0903002768754959,0.0,0.0,0.0,0.008465363644063473,0.0,0.12228218466043472,0.015353064052760601,0.0055455551482737064
255,7,-0.0320596173405647,0.0845064222812652,0.0,0.0,0.0,0.007357260677963495,0.0,0.0770219936966896,0.01384786143898964,0.00844674464315176
256,7,-0.0401562750339508,0.075846679508686,0.0,0.0,0.0,0.0005384453106671572,0.0,0.0480952262878418,0.01034098956733942,0.012765771709382534
257,7,-0.0331779569387435,0.0973705202341079,0.0,0.0,0.0,0.0006275920895859599,0.0,0.05061502382159233,0.006420489400625229,0.005565740633755922
258,7,-0.0190638750791549,0.1487620174884796,0.0,0.0,0.0,0.0001986832357943058,0.0,0.02637430652976036,0.015030233189463615,0.0039526596665382385
259,7,-0.0266325008124113,0.0996463447809219,0.0,0.0,0.0,0.0,0.0,0.02425760217010975,0.006848316174000502,0.0033800883684307337
260,7,-0.0094948522746562,0.102859228849411,0.0,0.0,0.0,0.0004942804225720465,0.0,0.03792453557252884,0.011923492886126041,0.004292025696486235
261,7,-0.0177252404391765,0.0835313946008682,0.0,0.0,0.0,0.0006759032839909196,0.0,0.024322252720594406,0.019352171570062637,0.0036823642440140247
262,7,-0.0310971103608608,0.1255239099264145,0.0,0.0,0.0,0.000410230626584962,0.0,0.11447291821241379,0.01640746369957924,0.00572094414383173
263,7,-0.021388154476881,0.1176790818572044,0.0,0.0,0.0,0.0002805294352583587,0.0,0.06332945823669434,0.013690083287656307,0.009333105757832527
264,7,-0.027964849025011,0.0978145822882652,0.0,0.0,0.0,0.00015775808424223214,0.0,0.040353190153837204,0.016474071890115738,0.0069455550983548164
265,7,-0.0402535982429981,0.0905624628067016,0.0,0.0,0.0,0.0,0.0,0.02997051551938057,0.012372501194477081,0.004491179715842009
266,7,-0.0401013270020484,0.0675386786460876,0.0,0.0,0.0,0.00032890791771933436,0.0,0.05293392390012741,0.017129050567746162,0.004611931275576353
267,7,-0.0151685271412134,0.0734110623598098,0.0,0.0,0.0,0.00028387235943228006,0.0,0.04515010863542557,0.02692626416683197,0.003965285141021013
268,7,-0.033435970544815,-0.0376666039228439,0.0,0.0,0.0,0.002261244459077716,0.0,0.0337548665702343,0.011737039312720299,0.00354054500348866
269,7,-0.0057808421552181,-0.1896468549966812,0.0,0.0,0.0,0.0,0.0,0.023444870486855507,0.005894233472645283,0.004687546752393246
270,7,0.0127885043621063,-0.222792237997055,0.0,0.0,0.0,0.0,0.0,0.019385024905204773,0.006506790407001972,0.004698827862739563
271,7,0.0059065595269203,-0.2095350623130798,0.0,0.0,0.0,0.00033428671304136515,0.0,0.03257613256573677,0.009360915049910545,0.007047784049063921
272,7,0.0098854936659336,-0.2177018821239471,0.0,0.0,0.0,0.0,0.0,0.026269542053341866,0.010258641093969345,0.011000217869877815
273,7,0.0106029957532882,-0.205901101231575,0.0,0.0,0.0,0.0,0.0,0.016246862709522247,0.006335060577839613,0.0036498066037893295
274,7,0.026036724448204,-0.1997756063938141,0.0,0.0,0.0,4.4122531107859686e-05,0.0,0.04530328884720802,0.022752271965146065,0.012785656377673149
275,7,0.0460359752178192,-0.123951107263565,0.0,0.0,0.0,0.00018407560128252953,0.0,0.015249308198690414,0.0003618582268245518,0.005188675597310066
276,7,0.0433549284934997,-0.1267774701118469,0.0,0.0,0.0,6.794791261199862e-05,0.0,0.026901748031377792,0.007118904031813145,0.010225190781056881
277,7,0.0169432498514652,-0.1020699441432952,0.0,0.0,0.0,0.00010991239105351269,0.0,0.0403708815574646,0.005251139402389526,0.013083317317068577
278,7,0.0281249731779098,-0.0611396692693233,0.0,0.0,0.0,0.0007729284698143601,0.0,0.025845959782600403,0.008328143507242203,0.015554247424006462
279,7,0.0283294841647148,0.1224702522158622,0.0,0.0,0.0,0.00022581146913580596,0.0,0.05687225982546806,0.012883385643362999,0.007130759302526712
280,7,0.0492004305124282,0.1330820769071579,0.0,0.0,0.0,0.0007946545956656337,0.0,0.09818191826343536,0.013690660707652569,0.006891132332384586
281,7,0.0458436757326126,0.1826522797346115,0.0,0.0,0.0,0.0,0.0,0.029346689581871033,0.005735522136092186,0.0022555047180503607
282,7,0.0351789370179176,0.2652661204338074,0.0,0.0,0.0,0.0005361036746762693,0.0,0.01947006769478321,0.007206057198345661,0.002543844748288393
283,7,0.0559596866369247,0.2710924446582794,0.0,0.0,0.0,0.00037853268440812826,0.0,0.007297699339687824,0.007409744895994663,0.0012972871772944927
284,7,0.0593815892934799,0.2636646330356598,0.0,0.0,0.0,1.2045223229506519e-05,0.0,0.0037465044297277927,0.00281622726470232,0.0007532184245064855
285,7,0.0596420913934707,0.2787300646305084,0.0,0.0,0.0,0.0,0.0,0.0028204789850860834,0.0023538570385426283,0.0005005141138099134
286,7,0.0637539848685264,0.2818440198898315,0.0,0.0,0.0,0.0002808849385473877,0.0,0.007380719296634197,0.0035384660586714745,0.0
287,7,0.0699381306767463,0.2750395238399505,0.0,0.0,0.0,0.0007264204323291779,0.0,0.0075264121405780315,0.0032774372957646847,0.0
288,7,0.0702475979924202,0.267892062664032,0.0,0.0,0.0,0.0,0.0,0.0025821516755968332,9.483713802183047e-05,0.0010455748997628689
289,7,0.0752167552709579,0.2943769991397857,0.0,0.0,0.0,3.688631477416493e-05,0.0,0.0028212708421051502,0.0,0.0
290,7,0.0818939507007598,0.2955973744392395,0.0,0.0,0.0,0.00024249796115327626,0.0,0.002785538788884878,0.0,0.0
291,7,0.0752155035734176,0.301209419965744,0.0,0.0,0.0,9.577993478160352e-05,0.0,0.00473468704149127,0.0,0.0020192263182252645
292,7,0.0817820951342582,0.286810427904129,0.0,0.0,0.0,0.00019649570458568633,0.0,0.00510163139551878,0.002778004389256239,0.002959790639579296
293,7,0.0640502050518989,0.3081555962562561,0.0,0.0,0.0,0.0002647727669682354,0.0,0.005444223992526531,0.0005173380486667156,0.003160293446853757
294,7,0.0585724934935569,0.3030289113521576,0.0,0.0,0.0,0.00019301696738693863,0.0,0.008611952885985374,0.0019563378300517797,0.0011832001619040966
295,7,0.0495703443884849,0.2582589089870453,0.0,0.0,0.0,0.0010060295462608337,0.0,0.020129501819610596,0.006891848519444466,0.0
296,7,0.0500003546476364,0.2512062191963196,0.0,0.0,0.0,0.0005141020519658923,0.0,0.014796792529523373,0.007632425986230373,0.0
297,7,0.0462102815508842,0.2354022413492202,0.0,0.0,0.0,0.00030797134968452156,0.0,0.02782483771443367,0.014646018855273724,0.0007399181486107409
298,7,0.0373154506087303,0.2255803346633911,0.0,0.0,0.0,0.0018319017253816128,0.0,0.039238303899765015,0.016091976314783096,0.00241787894628942
299,7,-0.0358372330665588,0.2279658168554306,0.0010621361434459686,0.00037927876110188663,0.0,0.003958795219659805,0.0,0.05819417163729668,0.021902117878198624,0.010175362229347229
300,7,-0.0664918720722198,0.14968903362751,0.0,0.0,0.0,0.0216436218470335,0.0,0.18878889083862305,0.1305367797613144,0.00984269380569458
301,7,-0.0395443998277187,0.1051308214664459,0.0,0.0,0.0,0.0071716466918587685,0.0,0.05389687418937683,0.030214741826057434,0.007898567244410515
302,7,0.0069570988416671,0.2349225878715515,0.0,0.0,0.0,0.0015129324747249484,0.0,0.05074640363454819,0.011226054280996323,0.0024581695906817913
303,7,0.0192709825932979,0.2408448010683059,0.0,0.0,0.0,0.0002961611025966704,0.0,0.01784338429570198,0.011011919006705284,0.001401746179908514
304,7,0.0345130264759063,0.2522872984409332,0.0,0.0,0.0,0.0001810746907722205,0.0,0.003865462029352784,0.002935669617727399,0.0002278056344948709
305,7,0.0320830419659614,0.2571272253990173,0.0,0.0,0.0,0.0021783290430903435,0.0,0.03223732113838196,0.00464298389852047,0.0
306,7,0.0524254962801933,0.26324662566185,0.0,0.0,0.0,0.0007863652426749468,0.0,0.004150290507823229,0.0035069386940449476,0.0001619673566892743
307,7,0.0351970791816711,0.2490531355142593,0.0018555502174422145,0.002158369170501828,0.0,0.0010974927572533488,0.0,0.014824583195149899,0.00497431680560112,0.0008348250412382185
308,7,0.0367660894989967,0.2516840100288391,0.0,0.0,0.0,0.000893058255314827,0.0,0.025096438825130463,0.011428778059780598,0.0036710083950310946
309,7,0.0202675946056842,0.257095456123352,0.0,0.0,0.0,0.0007257951074279845,0.0,0.014166195876896381,0.009759816341102123,0.003743070410564542
310,7,0.0361103937029838,0.2609631717205047,0.0,0.0,0.0,0.00023068908194545656,0.0,0.003297768533229828,0.0035336599685251713,0.0005733196157962084
311,7,0.0068811364471912,0.2590343356132507,0.00594934169203043,0.0057289679534733295,0.0,0.000866576679982245,0.0,0.018641818314790726,0.00743953138589859,0.0031677489168941975
312,7,0.036195620894432,0.242661714553833,0.0,0.0,0.0,0.0009087583748623729,0.0,0.014796525239944458,0.004141543060541153,0.0
313,7,0.0011771246790885,0.1755974888801574,0.0,0.0,0.0,0.0009480752050876617,0.0,0.028503505513072014,0.01104716956615448,0.0019953984301537275
314,7,-0.0204077735543251,0.0337806306779384,0.0,0.0,0.0,0.0026403681840747595,0.0,0.06424184888601303,0.013840573839843273,0.004540029913187027
315,7,-0.0236298274248838,0.071207545697689,0.0,0.0,0.0,0.0011569513007998466,0.0,0.038703761994838715,0.007269395515322685,0.00026741830515675247
316,7,-0.0239908918738365,-0.0066444473341107,0.0,0.0,0.0,0.0005539059638977051,0.0,0.02031150832772255,0.006312484387308359,0.0018895844696089625
317,7,-0.0237596333026886,0.0511247888207435,0.0,0.0,0.0,0.0013818938750773668,0.0,0.045199453830718994,0.011816340498626232,0.0016706801252439618
318,7,-0.0089825522154569,0.058492362499237,0.0,0.0,0.0,0.000892370066139847,0.0,0.04330188408493996,0.009713050909340382,0.001419415813870728
319,7,-0.0342279262840747,0.0543179176747798,0.0,0.0,0.0,0.0004270832287147641,0.0,0.02462407946586609,0.0075292643159627914,0.0036963492166250944
320,7,-0.0244706664234399,0.0622974149882793,0.0,0.0,0.0,0.0007674667285755277,0.0,0.028713535517454147,0.008134577423334122,0.0018324563279747963
321,7,-0.0197436176240444,0.0480996742844581,0.0,0.0,0.0,0.0005406228010542691,0.0,0.01730760745704174,0.007994633167982101,0.0025000928435474634
322,7,-0.0270012989640235,0.0308618322014808,0.0,0.0,0.0,0.00021206200472079217,0.0,0.026641175150871277,0.00767107680439949,0.004797544330358505
323,7,-0.0135315172374248,0.0239727571606636,0.0,0.0,0.0,0.00029712935793213546,0.0,0.04001879692077637,0.026197709143161774,0.005675720516592264
324,7,-0.0351911261677742,0.0759683474898338,0.0,0.0,0.0,0.0007598111405968666,0.0,0.0451682023704052,0.0195224080234766,0.004204217344522476
325,7,-0.0316300354897975,0.0773201063275337,0.0,0.0,0.0,0.0002919778344221413,0.0,0.03496688976883888,0.009209920652210712,0.003380166832357645
326,7,-0.0212703142315149,0.0780360922217369,0.0,0.0,0.0,0.0009345995495095849,0.0,0.03605613112449646,0.011968671344220638,0.002830208046361804
327,7,-0.0062205456197261,0.0920357778668403,0.0,0.0,0.0,0.00016689750191289932,0.0,0.015712058171629906,0.010809339582920074,0.0009187589166685939
328,7,-0.0183745268732309,0.0979712679982185,0.0,0.0,0.0,0.0006791579071432352,0.0,0.02645999938249588,0.022682802751660347,0.0036997816059738398
329,7,-0.0180435851216316,0.0860586687922477,0.0,0.0,0.0,0.00036110536893829703,0.0,0.020891746506094933,0.02247915230691433,0.003157066646963358
330,7,0.0011394172906875,0.0985308811068534,0.0008635463891550899,0.0018069361103698611,0.0,0.00016517525364179164,0.0,0.013018002733588219,0.02094626985490322,0.0
331,7,-0.0293110944330692,0.0857558846473693,0.0007698716945014894,0.002664626110345125,0.0,0.0005056251538917422,0.0,0.01752413623034954,0.010010931640863419,0.001965818228200078
332,7,-0.0100878030061721,0.0776327401399612,0.0,0.0,0.0,0.0,0.0,0.00744456984102726,0.00840715505182743,0.0007019155891612172
333,7,-0.0081730149686336,0.0762560814619064,0.0,0.0,0.0,0.0,0.0,0.007273991592228413,0.007128417957574129,0.0011846560519188643
334,7,-0.0226007550954818,0.068788819015026,0.0,0.0,0.0,0.0,0.0,0.005011463537812233,0.00821834895759821,0.0014919656096026301
335,7,-0.0126047749072313,0.0799590125679969,0.0,0.0,0.0,4.27954915949158e-07,0.0,0.012816669419407845,0.06872302293777466,0.0020150444470345974
336,7,-0.0241890773177146,0.0629712119698524,0.00036375512718223035,0.0,0.0,0.0002778432972263545,0.0,0.012188924476504326,0.027996625751256943,0.0010094078024849296
337,7,-0.0060083419084548,0.0750248432159423,0.0,0.0,0.0,0.00021295582700986415,0.0,0.007371261715888977,0.009476831182837486,0.0021020437125116587
338,7,-0.0070191770792007,0.0868966579437255,0.0,0.0,0.0,0.00029316049767658114,0.0,0.009710445068776608,0.009305257350206375,0.0013747024349868298
339,7,-0.007869504392147,0.0890184491872787,0.0013010326074436307,0.004320076201111078,0.0,0.00028515461599454284,0.0,0.01351576205343008,0.005442333407700062,0.002560260007157922
340,7,-0.0181587971746921,0.0567348189651966,0.0,0.0008598996209912002,0.0,0.0006079496815800667,0.0,0.01286604069173336,0.008918640203773975,0.0006452365778386593
341,7,-0.0212594475597143,0.072644904255867,0.0,0.0,0.0,0.0006317559164017439,0.0,0.016987668350338936,0.006847861222922802,0.00197892589494586
342,7,0.0108867995440959,0.0879628211259841,0.0,0.00012582419731188565,0.0,0.00012660662468988448,0.0,0.009844895452260971,0.00743683660402894,0.0
343,7,-0.0167055521160364,0.0530165061354637,0.0,0.0,0.0,0.0008257068693637848,0.0,0.021604934707283974,0.017748022451996803,0.0013015047879889607
344,7,-0.0243440642952919,0.0570542551577091,0.0,0.0,0.0,0.0006973793497309089,0.0,0.015330445021390915,0.010863754898309708,0.0006315151695162058
345,7,-0.0136150699108839,0.0724686756730079,0.0,0.0,0.0,7.476523023797199e-05,0.0,0.006747240666300058,0.005663689225912094,0.0021220806520432234
346,7,-0.0156123284250497,0.097851425409317,0.0,0.0,0.0,0.0004269565106369555,0.0,0.013318326324224472,0.009445852600038052,0.0035409803967922926
347,7,-0.0262110382318496,0.0917882323265075,0.0,0.0,0.0,0.00015355586947407573,0.0,0.015074926428496838,0.013857392594218254,0.0029545235447585583
348,0,-0.0178076885640621,0.0751577913761138,0.0,0.000519915483891964,0.0,0.0003337808302603662,0.0,0.010302824899554253,0.013409028761088848,0.0029963350389152765
349,7,-0.0129358917474746,0.0700734853744506,0.0,0.0013399823801591992,0.0,0.000306929083308205,0.0,0.013674717396497726,0.007808894384652376,0.0009950109524652362
350,7,-0.0257760286331176,0.0860367715358734,0.0,0.0,0.0,0.00028702462441287935,0.0,0.02302592620253563,0.012493476271629333,0.0037067465018481016
351,7,-0.0352448299527168,0.0898410826921463,0.0,0.0,0.0,0.0005664943601004779,0.0,0.02541421726346016,0.01242324709892273,0.00358698982745409
352,7,-0.0398627407848835,0.0465283282101154,0.0,0.0,0.0,0.00048370350850746036,0.0,0.03094220906496048,0.014065705239772797,0.0032069191802293062
353,7,-0.0389916375279426,0.0682432651519775,0.0,0.0,0.0,0.0006258630310185254,0.0,0.030566340312361717,0.01351169589906931,0.0033635012805461884
354,7,-0.0294101983308792,-0.0040201088413596,0.0,0.0,0.0,0.00039309138082899153,0.0,0.022860202938318253,0.010321992449462414,0.002630132483318448
355,7,-0.0399774722754955,0.1066849157214164,0.0,0.0,0.0,0.008319340646266937,0.0,0.05104430764913559,0.19189584255218506,0.0035630157217383385
356,0,-0.0875703394412994,0.1982891112565994,0.0,0.0009119538590312004,0.0,0.0008950878400355577,0.0,0.01870458945631981,0.027309441938996315,0.003125235438346863
357,7,-0.1437343955039978,0.0735032334923744,0.0,0.0,0.0,0.00021006206225138158,0.0,0.0176212340593338,0.033373162150382996,0.00344941858202219
358,7,-0.1054675132036209,0.1172132864594459,0.0,0.0,0.0,0.0,0.0,0.020990144461393356,0.03653237223625183,0.00046754186041653156
359,7,-0.1106169000267982,0.0808069705963134,0.0,0.0,0.0015535518759861588,0.0,0.0,0.02542724460363388,0.5068731307983398,0.0003642519877757877
360,7,-0.15413898229599,0.1718340665102005,0.0,0.0,0.002325270092114806,0.00038290853262878954,0.0,0.0254073403775692,0.3475151062011719,0.00612449087202549
361,7,-0.0936103090643882,0.2171578556299209,0.0,0.0,0.0035370264668017626,1.3457272984851443e-07,0.0,0.03247358649969101,0.6546340584754944,0.01112974714487791
362,7,-0.0468109063804149,0.1637828350067138,0.024839015677571297,0.006623974535614252,0.003354528918862343,0.005555885843932629,0.0,0.05604131519794464,0.23744875192642212,0.014095313847064972
363,7,-0.0407249182462692,0.1618278324604034,0.013074858114123344,0.001080995425581932,0.012716143392026424,0.0011122081195935607,0.0,0.025487178936600685,0.3039146065711975,0.004146134946495295
364,7,-0.0406452119350433,0.1497755795717239,0.02368769235908985,0.006700180936604738,0.009800085797905922,0.003465442918241024,0.0,0.03409821540117264,0.26293760538101196,0.00832296535372734
365,7,-0.0452373996376991,0.1594206392765045,0.012968159280717373,0.003980676177889109,0.0011814199388027191,0.0015862301224842668,0.0,0.03813324123620987,0.32957807183265686,0.011540686711668968
366,7,-0.0409937612712383,0.2024772614240646,0.0028267826419323683,0.0,0.003990803379565477,0.004289297387003899,0.0,0.05745477229356766,0.8734244108200073,0.013257964514195919
367,7,-0.0421729013323783,0.1773057579994201,0.01903129555284977,0.0,0.05478046089410782,0.04927130043506622,0.014116046018898487,0.2153249979019165,0.9652550220489502,0.12881764769554138
368,7,-0.0409918464720249,0.2021876871585846,0.029692497104406357,0.0,0.020431455224752426,0.06373054534196854,0.008240725845098495,0.30884018540382385,0.9757974147796631,0.38997405767440796
369,1,-0.0408339165151119,0.1783082038164138,0.03184964880347252,0.0,0.010236606001853943,0.05210427567362785,0.006860391702502966,0.2972176671028137,0.9867649674415588,0.7923784852027893
370,7,-0.0406777709722518,0.1546985805034637,0.018368959426879883,0.0,0.002908149501308799,0.02230672910809517,0.0,0.2725585401058197,0.9882550835609436,0.9129122495651245
371,7,-0.0905418992042541,0.11968245357275,0.00571782048791647,0.0,0.0,0.010315685532987118,0.0,0.15889514982700348,0.9037622809410095,0.12311474978923798
372,7,-0.0423440560698509,0.0855418890714645,0.008541838265955448,0.0009612947469577193,0.0,0.004175784066319466,0.0,0.08275030553340912,0.2931597828865051,0.03219197690486908
373,7,-0.0653579011559486,0.130271315574646,0.004138451535254717,0.0014508863678202033,0.0,0.014529500156641006,0.0,0.23147225379943848,0.41352441906929016,0.03999483957886696
374,7,-0.0350008197128772,0.1362528800964355,0.004282676614820957,0.0,0.0,0.0058029573410749435,0.0,0.1931484192609787,0.8260524868965149,0.028763510286808014
375,7,-0.0408881232142448,0.1408911794424057,0.0,0.0,5.427101132227108e-05,0.00029143880237825215,0.0,0.041799187660217285,0.7093157768249512,0.0028300548437982798
376,7,-0.0464269556105136,0.171260729432106,0.0,0.0,0.0,0.0,0.0,0.021179521456360817,0.4674168825149536,0.0064438520930707455
377,7,-0.0411665253341198,0.1247659996151924,0.0,0.0,0.0,0.00035632887738756835,0.0,0.05846431851387024,0.5891990661621094,0.007105352822691202
378,7,-0.054072305560112,0.1103562861680984,0.0,0.0,0.0,0.00026036446797661483,0.0,0.06718964129686356,0.6818146109580994,0.010988576337695122
379,7,-0.0557599179446697,0.081384353339672,0.0,0.0,0.0,6.331493932520971e-05,0.0,0.03605695813894272,0.9127475023269653,0.0064412932842969894
380,7,-0.0406775884330272,0.1546712666749954,0.0,0.0,0.0,0.0035183136351406574,0.0,0.11395765095949173,0.9368504881858826,0.022062059491872787
381,7,-0.0406744591891765,0.1541981995105743,0.0,0.0,0.0,0.0022630293387919664,0.0,0.07737299054861069,0.9736141562461853,0.015716729685664177
382,7,-0.0447277948260307,0.1270752698183059,0.0,0.0,0.0,3.801605271291919e-05,0.0,0.05518077686429024,0.9514651298522949,0.006944817025214434
383,7,-0.0659208968281745,0.0651850774884224,0.0,0.0,0.0010812778491526842,0.0037106922827661037,0.0,0.05780882388353348,0.9581348896026611,0.010513554327189922
384,7,-0.0404360480606555,0.1181494444608688,0.0,0.0,0.0,1.0714206837292295e-05,0.0,0.030465956777334213,0.4461207985877991,0.003903275355696678
385,7,-0.077797070145607,0.1286002993583679,0.009891720488667488,0.000560056883841753,0.0,0.00018013291992247105,0.0,0.05237390846014023,0.49888163805007935,0.01019506249576807
386,7,-0.1044917330145835,0.1376464962959289,0.0028635149355977774,0.0,0.0,0.006357034668326378,0.0,0.09426625072956085,0.3136843144893646,0.012921050190925598
387,7,-0.0954581052064895,0.1135150343179702,0.0,0.0,0.0,0.010188721120357513,0.0,0.11906363815069199,0.320617139339447,0.010182665660977364
388,1,-0.0675508230924606,0.0878686755895614,0.0,0.0,0.0,0.010150731541216373,0.0,0.10592900216579437,0.4184558093547821,0.030524970963597298
389,7,-0.0396282076835632,0.1427548676729202,0.0,0.0,0.0,0.0026201619766652584,0.0,0.09869720786809921,0.08396744728088379,0.01839166134595871
390,7,-0.0404027812182903,0.1131192147731781,0.005913800559937954,0.0,0.0,0.017889244481921196,0.0,0.19486206769943237,0.6325235366821289,0.025485247373580933
391,7,-0.0405786968767643,0.1397183835506439,0.0,0.0,0.0,0.006711849942803383,0.0,0.1625601351261139,0.36592769622802734,0.010825702920556068
392,7,-0.2467335164546966,0.1071367934346199,0.005908719263970852,0.0,0.002373832045122981,0.01714615523815155,0.0,0.3501631021499634,0.9110399484634399,0.03146480768918991
393,7,-0.270021915435791,0.1010387316346168,0.0009417692199349403,0.0,0.0,0.014099708758294582,0.0,0.6043723225593567,0.9652497172355652,0.027998419478535652
394,7,-0.2556898295879364,0.0468570962548255,0.005414529237896204,3.7844096368644387e-05,0.0009384349687024951,0.014464647509157658,0.0,0.3138939142227173,0.8687645792961121,0.030823364853858948
395,7,-0.1319558471441269,0.1835607290267944,0.004978503100574017,0.0003968392265960574,0.0016159499064087868,0.012922883033752441,0.0,0.21758344769477844,0.876298725605011,0.03380709886550903
396,7,-0.1106730997562408,0.1273459047079086,0.001784972264431417,0.0,0.0019501097267493606,0.034681305289268494,0.0,0.13180586695671082,0.516934871673584,0.026871345937252045
397,7,-0.0806182771921157,0.1038259267807006,0.002927975496277213,0.0,0.0,0.043933793902397156,0.0,0.21863442659378052,0.5144496560096741,0.028476634994149208
398,7,-0.0843398720026016,0.111556738615036,0.0,0.0,0.0,0.012677263468503952,0.0,0.10448624938726425,0.5065285563468933,0.014375983737409115
399,7,-0.0781462043523788,0.1104290708899498,0.0,0.0,0.0,0.00766987819224596,0.0,0.07600230723619461,0.45074594020843506,0.01152021437883377
400,7,-0.0535067729651927,0.1281942874193191,0.0025823847390711308,0.0,0.0,0.0047576711513102055,0.0,0.06152801215648651,0.37328553199768066,0.019875191152095795
401,7,-0.0738443657755851,0.1360544562339782,1.9386878193472512e-05,0.0,0.0,0.0007144183618947864,0.0,0.03626709803938866,0.28816455602645874,0.008487001992762089
402,7,-0.0445155091583728,0.1612002402544021,0.0019314141245558858,0.0,0.000388699205359444,0.005169820971786976,0.0,0.05712226778268814,0.4807933568954468,0.017856361344456673
403,7,-0.0631335899233818,0.1485916674137115,0.0011479482054710388,0.0,0.0,0.006542613729834557,0.0,0.07754494249820709,0.5978771448135376,0.008216102607548237
404,7,-0.0462558791041374,0.1537182778120041,0.0021429352927953005,0.0,0.0,0.0019657695665955544,0.0,0.0819348394870758,0.37890058755874634,0.00852565374225378
405,7,-0.1754346489906311,0.1955832093954086,0.0,0.0,0.0,0.003501104423776269,0.0,0.20596542954444885,0.9436579942703247,0.007281937636435032
406,7,-0.2511982917785644,0.221627801656723,0.0,0.0,0.0,0.0018695443868637085,0.0,0.5479766726493835,0.8109845519065857,0.029224418103694916
407,7,-0.1841467022895813,0.2051394134759903,0.005721758585423231,0.0,0.0,0.01573910564184189,0.0,0.4776713252067566,0.7217596769332886,0.0450645312666893
408,7,-0.2112568616867065,0.2250572741031646,0.0014764508232474327,0.0,0.0,0.012288243509829044,0.0,0.707969069480896,0.8270083665847778,0.056947626173496246
409,7,-0.1431118547916412,0.1997631639242172,0.0008570596692152321,0.0,0.0,0.006685515400022268,0.0,0.660392165184021,0.945109486579895,0.012221056967973709
410,7,-0.1339905112981796,0.1956771165132522,0.003865425242111087,0.0,0.0,0.021526720374822617,0.0,0.4769594073295593,0.9037399291992188,0.024843838065862656
411,7,-0.1192264929413795,0.0751416459679603,0.006298884749412537,0.00404467573389411,0.0,0.00536969443783164,0.0,0.11215771734714508,0.3534787595272064,0.016413716599345207
412,7,-0.1880123615264892,-0.0612857602536678,0.009924404323101044,0.005922715179622173,0.0,0.01583278924226761,0.0,0.26530683040618896,0.38709893822669983,0.03652644529938698
413,7,-0.2025272846221923,-0.0031721414998173,0.009173411875963211,0.008995034731924534,0.0,0.004565350711345673,0.0,0.06832103431224823,0.15514454245567322,0.007966331206262112
414,7,-0.175931841135025,0.0117047475650906,0.0014553238870576024,0.0025029939133673906,0.0,0.00832280982285738,0.0,0.1107199490070343,0.21912801265716553,0.008461005054414272
415,7,-0.169008195400238,0.0251787900924682,0.03168054670095444,0.012248661369085312,0.0,0.013886823318898678,0.0,0.41728341579437256,0.8171660900115967,0.046535424888134
416,7,-0.1098737344145774,0.0723165050148963,0.01784415915608406,0.0052440655417740345,0.0,0.01247715950012207,0.0,0.2658446431159973,0.8353666067123413,0.0365605391561985
417,7,-0.1526021063327789,0.1771489679813385,4.4217013055458665e-05,0.0,0.0,0.03406972438097,0.0,0.3355841040611267,0.6928970813751221,0.02126210182905197
418,7,-0.1625135391950607,0.1532887518405914,0.013806143775582314,0.003093286883085966,0.0,0.03119754232466221,0.0,0.4309687614440918,0.690155029296875,0.0337287113070488
419,7,-0.209536612033844,0.1393632590770721,0.004272466991096735,0.0,0.0,0.020475678145885468,0.0,0.44186973571777344,0.5876045227050781,0.04001934081315994
420,7,-0.2173222303390503,0.1596040576696396,0.003724520793184638,0.0,0.00027546341880224645,0.010253769345581532,0.0,0.26965072751045227,0.4870226979255676,0.017463700845837593
421,7,-0.1436316668987274,0.0999584645032882,0.0,0.0,0.0,0.004741913639008999,0.0,0.09115860611200333,0.6370011568069458,0.008585987612605095
422,7,-0.1086761653423309,0.1001460179686546,0.0,0.0,0.0,0.00013629559543915093,0.0,0.03647341579198837,0.44153162837028503,0.0030689865816384554
423,7,-0.0799929276108741,0.0678188353776931,0.0,0.0,0.0,0.00035975960781797767,0.0,0.03736085817217827,0.36511385440826416,0.005197542253881693
424,7,-0.0611011609435081,0.0809650421142578,0.00018015186651609838,0.0,0.0,0.00041373653220944107,0.0,0.04898378998041153,0.4214320182800293,0.0066996063105762005
425,7,-0.0431963875889778,0.0887103602290153,0.0,0.0,0.0,0.0003699049411807209,0.0,0.04047700762748718,0.12218090146780014,0.0009432265651412308
426,7,-0.0479471012949943,0.1015271246433258,0.0,0.0,0.0,0.0005063401185907423,0.0,0.04759041219949722,0.24764138460159302,0.004293619189411402
427,7,-0.0542368255555629,0.1044548600912094,0.0,0.0,0.0,0.000572871183976531,0.0,0.042518869042396545,0.24267780780792236,0.0028048173990100622
428,7,-0.0632828995585441,0.1178401708602905,0.0,0.0,0.0,0.0017365694511681795,0.0,0.07894053310155869,0.4690733850002289,0.009649110957980156
429,7,-0.0726919844746589,0.1490540653467178,0.0,0.0,0.0,9.807765309233218e-05,0.0,0.040014881640672684,0.3900453448295593,0.005063271149992943
430,7,-0.0503366254270076,0.1150561645627021,0.0,0.0,0.0,0.0004728717904072255,0.0,0.03515676036477089,0.16146346926689148,0.001158426865004003
431,7,-0.0578562691807746,0.0994167774915695,0.0,0.0,0.0,0.0004977331846021116,0.0,0.039307065308094025,0.426227331161499,0.004802629817277193
432,7,-0.0738237053155899,0.1369433104991912,0.0021904604509472847,0.0,0.0,0.005648035556077957,0.0,0.08822964131832123,0.21328362822532654,0.008969029411673546
433,7,-0.0757288038730621,0.1494543403387069,0.0,0.0,0.0,0.0016421359032392502,0.0,0.045061737298965454,0.3205106854438782,0.004433151800185442
434,7,-0.0936762392520904,0.1395276933908462,0.0,0.0,0.0,0.00011351282591931522,0.0,0.025170881301164627,0.21602636575698853,0.0
435,7,-0.0676920041441917,0.1439108699560165,0.0,0.0,0.0,0.003387942910194397,0.0,0.06205793097615242,0.29722851514816284,0.0037437279243022203
436,7,-0.0693652555346489,0.1083576306700706,0.0,0.0,0.0,0.001143811852671206,0.0,0.044533342123031616,0.21979783475399017,0.0027171745896339417
437,7,-0.0739069879055023,0.1265585869550705,0.0,0.0,0.0,0.0006914109690114856,0.0,0.036237530410289764,0.3982207477092743,0.0014355547027662396
438,7,-0.0758674219250679,0.1080537065863609,0.0,0.0,0.0,0.000383996608434245,0.0,0.02735496312379837,0.3032633662223816,0.0
439,7,-0.0715404152870178,0.1270616501569748,0.0,0.0,0.0,0.00128252396825701,0.0,0.046573370695114136,0.19568654894828796,0.001973065547645092
440,7,-0.0821043252944946,0.1090435162186622,0.0,0.0,0.0,0.0,0.0,0.02623637393116951,0.26864171028137207,0.0
441,7,-0.0784112364053726,0.1224806308746337,0.0,0.0,0.0,0.0007774624391458929,0.0,0.05455297976732254,0.21967731416225433,0.0005814741598442197
442,7,-0.095270961523056,0.1059693396091461,0.0,0.0,0.0,0.0008403065730817616,0.0,0.049337051808834076,0.16341431438922882,0.0
443,7,-0.0956570357084274,0.1439843922853469,0.0,0.0,0.0,0.0020980038680136204,0.0,0.04460851848125458,0.20396918058395386,0.0005331987049430609
444,7,-0.0792993903160095,0.1079502552747726,0.0,0.0,0.0,0.00306404079310596,0.0,0.08617223799228668,0.31347712874412537,0.002217576140537858
445,7,-0.0542890727519989,0.1421869397163391,0.0,0.0,0.0,0.0007362176547758281,0.0,0.04154331982135773,0.11529961973428726,0.0
446,7,-0.0675302371382713,0.1131791919469833,0.0,0.0,0.0,0.00037168749258853495,0.0,0.038730040192604065,0.16956618428230286,0.0020669500809162855
447,7,-0.0809796825051307,0.11621905118227,0.0,0.0,0.0,0.0005328422412276268,0.0,0.032382454723119736,0.34889036417007446,0.0015881108120083809
448,7,-0.0885282307863235,0.0955149233341217,0.0,0.0,0.0,0.0006118360906839371,0.0,0.03397641330957413,0.2745506465435028,0.00033642089692875743
449,7,-0.0778827965259552,0.1079495549201965,0.0,0.0,0.0,0.0004281635629013181,0.0,0.025069795548915863,0.20629051327705383,0.0
450,7,-0.0861277282238006,0.0938999727368354,0.0,0.0,0.0,0.0,0.0,0.015556280501186848,0.2862553000450134,0.0
451,7,-0.1053175181150436,0.1076690256595611,0.0,0.0,0.0,1.1957067727053072e-05,0.0,0.025594156235456467,0.12437968701124191,0.0
