window_id,start_time_ms,end_time_ms,frame_count,cumulative_confidence,left_wrist_velocity_mean,left_wrist_velocity_max,right_wrist_velocity_mean,right_wrist_velocity_max,motion_energy_mean,motion_energy_var,left_hand_face_distance_min,right_hand_face_distance_min,emotion_confidence_mean,emotion_label_mode,gaze_x_mean,gaze_x_var,gaze_y_mean,gaze_y_var,gaze_z_mean,gaze_z_var,gaze_entropy,gaze_velocity_mean,gaze_velocity_var,head_yaw_mean,head_yaw_var,head_pitch_mean,head_pitch_var,head_roll_mean,head_roll_var,macro_motion_energy_mean,macro_motion_energy_var,postural_stillness_mean,postural_stillness_var,mismatch_ratio,silent_speech_duration_ms,AU1_mean,AU1_max,AU1_var,AU2_mean,AU2_max,AU2_var,AU4_mean,AU4_max,AU4_var,AU6_mean,AU6_max,AU6_var,AU9_mean,AU9_max,AU9_var,AU12_mean,AU12_max,AU12_var,AU25_mean,AU25_max,AU25_var,AU26_mean,AU26_max,AU26_var,AU1_velocity_max,AU1_velocity_mean,AU2_velocity_max,AU2_velocity_mean,AU4_velocity_max,AU4_velocity_mean,AU6_velocity_max,AU6_velocity_mean,AU9_velocity_max,AU9_velocity_mean,AU12_velocity_max,AU12_velocity_mean,AU25_velocity_max,AU25_velocity_mean,AU26_velocity_max,AU26_velocity_mean,blink_count,blink_rate,ear_mean,ear_var,duchenne_index,cognitive_load_index,speech_hesitation_index,disgust_leak,postural_freeze_index,acoustic_volatility,prosodic_velocity,hubert_latent_0,hubert_latent_1,hubert_latent_2,hubert_latent_3,hubert_latent_4,hubert_latent_5,hubert_latent_6,hubert_latent_7,hubert_latent_8,hubert_latent_9,hubert_latent_10,hubert_latent_11,hubert_latent_12,hubert_latent_13,hubert_latent_14,hubert_latent_15,vocal_entropy,acoustic_energy_rms,head_pitch_tremor_band_power,head_pitch_tremor_dominant_freq,head_pitch_tremor_spectral_entropy,head_pitch_somatic_band_power,head_pitch_somatic_dominant_freq,head_pitch_somatic_spectral_entropy,head_yaw_tremor_band_power,head_yaw_tremor_dominant_freq,head_yaw_tremor_spectral_entropy,head_yaw_somatic_band_power,head_yaw_somatic_dominant_freq,head_yaw_somatic_spectral_entropy,ear_tremor_band_power,ear_tremor_dominant_freq,ear_tremor_spectral_entropy,ear_somatic_band_power,ear_somatic_dominant_freq,ear_somatic_spectral_entropy,AU12_velocity_tremor_band_power,AU12_velocity_tremor_dominant_freq,AU12_velocity_tremor_spectral_entropy,AU12_velocity_somatic_band_power,AU12_velocity_somatic_dominant_freq,AU12_velocity_somatic_spectral_entropy,AU25_velocity_tremor_band_power,AU25_velocity_tremor_dominant_freq,AU25_velocity_tremor_spectral_entropy,AU25_velocity_somatic_band_power,AU25_velocity_somatic_dominant_freq,AU25_velocity_somatic_spectral_entropy,motion_energy_tremor_band_power,motion_energy_tremor_dominant_freq,motion_energy_tremor_spectral_entropy,motion_energy_somatic_band_power,motion_energy_somatic_dominant_freq,motion_energy_somatic_spectral_entropy,deviation_magnitude,deviation_percentile
0,0.0,2000.0,60,52.80000000000001,0.7675337074225945,-0.07943579110931372,0.6471642663270467,0.33275069231917714,0.43884890116072695,0.1693333917475988,1.1902407033773947,,-1.1753296101211068,neutral,2.190274729129521,0.2501275545201862,-0.4455195051576102,-0.8835127724889712,,,-0.7958224257542217,-0.7236323502710695,-0.3605206993560913,0.964875128508907,-1.5976996716340266,0.4792020782609249,0.9470923049805613,2.128802664553017,1.368064094801708,0.20095860227028556,0.40921054941179746,-1.0220593136147822,-0.06310514629071125,,,-0.1552291165616746,-1.354292620899401,-1.0855194276688596,-1.4405583851672257,-1.0204681093898889,0.25700085468246237,-0.050365959059776165,0.4939427397659684,0.43622846539900556,0.539639352852154,0.5769458968269584,1.5501965141682763,-0.2928697990680863,-0.35098914397412595,-0.5092646538604513,1.1578188710976487,0.25185072099865197,0.41406549665891346,1.0985980153865953,0.6160929446864281,-0.24012564831586145,-1.6105608303049705,-1.5895821044230134,-0.6091647497027571,-0.7045927667841897,-0.7525527841278935,-1.2241447030403056,0.5046393483174195,-0.1861854818316345,-1.086715419400114,-2.457613269364988,-0.4303588985584745,0.9656640040632444,0.28102334520226774,0.35082418374291047,-0.9493830444712317,1.559287582432358,-0.6324434635419833,-1.3826910156981171,-0.9614170030023307,0,-0.5627314338711377,0.44106382479517814,1.0792399265356927,1.211447305013988,-0.16165894136650968,-0.7525837656067208,-0.5653899100596527,0.145213817274201,-1.1650529135886882,0.20465391930062113,,,,,,,,,,,,,,,,,,0.8773941357521552,-0.04931769175844624,-1.2314329148909349,-3.887492202631893,1.5300664699832285,1.976108697018952,-1.336289251878096,0.7936359336880591,-1.142895686241324,-2.809511501990426,-0.8512950282079056,1.4328534655394598,-2.73661275397069,-1.0055605992588146,-0.01203491388875747,-3.2636638592265848,0.11739904007506596,-0.7679634377940645,-2.2630451655751287,2.1933913447271505,-0.10914947969545752,-3.2924066269338073,1.904356508104231,0.659084566143139,-2.4396451652160893,-2.046919983480015,-0.7695545972861084,-3.9908414355484023,1.9323876435682985,-0.862498041343994,-2.4245736640425326,1.643212438201872,0.23322424808504633,-2.662985044420509,-1.151714886308829,-0.2601104487640001,-2.6680326433881523,14.277812455614635,0.675
1,1000.0,3000.0,60,52.80000000000001,1.789958222618135,0.875159755746535,0.011837841198836982,0.33275069231917714,0.3967086270982645,-0.393567033744629,-0.6678165751248247,,-1.9320839116254331,neutral,1.6574410426336281,0.77599326562999,1.4004503350796842,-0.7343126125195257,,,-0.7958224257542217,-0.33311447967523666,-0.22680484040100843,1.1200169927247678,-0.5690409098555362,0.34973844158815,2.3795454722779157,0.7883988932831048,-0.9214503792959686,0.6051105927064999,1.18903525709316,-0.5169135766498667,-0.0442024887522933,,,-0.5896236214369147,2.161794565465578,-1.0792940250310699,-0.8889291130735717,-1.0204681093898889,-0.5687978583425252,-0.12020183870017799,-1.8684950377600664,-0.5983279413394125,0.18658879010346854,-0.7158317483878868,-0.1531439434466797,-0.2957795046494867,-0.884469001389961,-1.036906209267197,0.4884776212193414,0.3415176669523778,-0.4011846263585902,1.290983177399389,0.6160929446864281,0.2340581039451775,0.12602714219429256,0.6811436258848136,1.1114544981743375,-0.7045927667841897,-0.5525680316938386,1.356325456322214,0.6676776164065168,-0.1861854818316345,-0.9977498301861705,-1.0934509448657146,-0.2474479838671382,0.6759473313457153,1.5669361394402763,-0.17042063929720877,-1.4817371921634903,1.559287582432358,0.41124805986193175,-0.8450878904965453,-0.7429721717833551,0,-0.5627314338711377,1.2869782469681967,-0.9551976179646167,0.4772214034847675,-0.5988098524818691,1.1236781983101847,-0.40199857901788816,-1.1995291664302483,-1.752512065914473,0.6472144278216444,,,,,,,,,,,,,,,,,,1.042891379220728,2.1777510409420575,0.5776838882877343,-0.06227218705414668,0.05431034931559455,-0.7147627201983443,0.3876431256675599,-0.6696795847368827,-1.379765258519319,-1.9764001260634108,-1.4046115043368446,1.4328534655394598,-0.9811841138632191,-0.8847459836794251,-0.01203491388875747,-1.4581977462779379,-0.8868357147904876,0.040419128304950626,-1.8479142454454554,0.4297972984339433,0.13340491962778178,-1.6437440342844492,1.0011173898843888,0.9395460836508571,-0.9508798208137456,1.7246955514608138,-0.6696124417944064,-0.09072176676794673,2.0861805879760937,-0.12845715509378638,-0.9284124450200969,-1.3545053569468541,-0.8329437431608797,-1.4910974652315352,-1.0277205562890543,-0.2601104487640001,-1.6415040465728936,10.838456624232885,0.425
2,2000.0,4000.0,60,52.80000000000001,0.6401102139318248,0.875159755746535,0.46050802039733835,0.3549635880702515,1.1705200778195366,-0.7118382552949013,-0.6678165751248247,,-0.07005802932335606,neutral,0.1339044747869043,0.02282386114562826,1.0171173822623074,-0.7075270661478918,,,-0.7958224257542217,0.40389945567450847,-0.6676501067741868,-0.08178483400620301,0.4679961104666605,0.6669748236179163,-0.2661070485896828,-1.1251309052118525,-1.538347828080026,1.0756060053405982,-0.17197596931093032,-1.0600140902204889,-0.42455278412678144,,,0.4577946065282901,2.161794565465578,0.016423647236805537,-0.4120167287869936,-0.48750033099440965,-0.46096875032978823,0.13575069753080987,0.35637323991528497,0.30091759207385516,1.0144806693019968,1.4597744981468532,-1.4485927311474953,0.0774791637291416,0.035256520763840324,0.5176472716135494,0.044435471466486874,0.3415176669523778,-0.27193010114808597,0.11040185934127426,-0.168041963427795,0.5938667342091887,1.1410678200053062,0.6811436258848136,-0.6383613002360259,-0.6691697111384524,0.2462103029404331,1.356325456322214,1.2366778158132685,1.6556717750650876,1.4094868812147257,-1.0934509448657146,-0.4552965055818552,-0.3217642324233466,-0.014698860615428928,-0.17042063929720877,-0.6437133694883241,-1.2813432156203066,-0.781166960128104,0.3434028040986397,-0.3954942791290098,0,-0.5627314338711377,-0.2247490611388649,-0.8698826069087839,0.6775070537657821,0.544372050477458,1.1751829742629663,0.0606442846213468,-0.7610706664430887,0.44127423576551594,-1.0335073088225215,,,,,,,,,,,,,,,,,,-0.1850126032335508,1.7500500457096155,-0.2446419313389334,0.8821682971327836,-0.5688442138611939,-1.0511216473505063,0.15683123913197958,-1.1768119333550306,-1.498200044658316,-0.7164903976521849,-1.0226644770548845,1.4328534655394598,0.30257666240948045,-0.7647116811172172,-1.3358754416520604,0.19113594402396678,-1.1142725920037413,-0.7679634377940645,0.3910966446401884,0.40029186335468225,0.012127719966162138,-0.17711691058223755,0.7304859980630716,1.079776842404717,0.16343810306389192,0.9334776773353481,-0.3198148975734476,0.9025464351547268,0.5011835316770554,0.23856328803131766,0.580893696429472,-0.7000990280349496,-1.3660277387838429,-0.16054960582580619,-0.2952450430201723,-1.2059666260876372,-0.20299028675067338,8.435000644489268,0.025
3,3000.0,5000.0,60,52.80000000000001,0.10396638745029016,-0.4121827720473204,1.8475032531884648,0.3549635880702515,1.7150355400768096,-1.11606302190308,0.5429721530619169,,1.6209837092665984,neutral,1.0542556586945633,-0.009811607447663493,-0.13896946881889846,-0.6227132510598172,,,1.193733638631332,0.9555131124045056,-0.47450858109395344,0.06837406379255523,0.06840469535469808,1.4576893937269795,-1.2742389058482715,-1.8391909794258832,0.06181061578709248,-0.8797474039207209,-1.4514627786009027,-0.5728862349107972,-0.30166752412695635,,,1.5939885754792826,-0.21183841677692483,0.607888373404969,-0.20985560444630996,-0.05246801067256103,1.1722436635561109,-0.9115389656064267,0.35637323991528497,1.445446789352739,0.5335153261159675,1.4597744981468532,-0.09947793697099881,-0.03256420445631546,0.6594913931754274,1.1886210399565054,-0.9833194112745117,-1.362244721578241,-0.2159637031150041,0.17137199435791797,1.3748562965675684,0.1719333010188562,0.015622942715303557,-1.2788825280284313,-0.2986746078846022,-0.6691697111384524,0.8068091836098324,-1.7168628026432033,0.3312330334539501,1.6556717750650876,0.9600731146984621,0.7718628758153635,0.3603894582604927,-0.856187003509199,-1.5095434871658882,0.3447708286009214,0.39274177158351103,-0.7238220839267554,-0.10720218621094353,1.0054613083044464,0.07533600746697448,1,1.688194301613413,-2.8695936758595453,1.3376458158095448,-0.40059422214449475,0.47503383571985464,0.16024433927613585,0.21588277317472207,1.3789498681905932,-0.5665107447893547,-0.9018153947429509,,,,,,,,,,,,,,,,,,0.050199748461418614,0.21223162861176936,-0.7380374231149341,-0.12440434896280465,-1.03580647495315,-1.0511216473505063,1.1890012115017148,-0.15838233371950272,0.8112782850521325,0.6715233829065174,-0.7705315397785203,0.551097486745946,0.4988640122122472,0.1650055449418635,0.5897107805491075,-0.18115748514223448,-0.3480807296279709,-0.7679634377940645,0.660905934128182,-0.46505166829291483,-0.7155354780035558,-0.11838597799840457,-0.7445924076601278,-1.0236845389031728,0.34705310881520446,-0.474249370758405,-1.6690339967114298,0.2353348226071171,-0.4414760498900692,0.23856328803131766,0.47921329667586987,-0.06047159615440267,-0.699672744255139,0.9592429452207931,-0.22802095786154236,-1.2059666260876372,-0.4847298214440549,9.515695346056102,0.125
4,4000.0,6000.0,60,52.80000000000001,1.9713653580845742,0.3015029686684424,-0.3020047550535546,0.32268303022035505,0.6498704492432262,0.2656490942446557,0.5429721530619169,,-0.134854866457987,neutral,0.7788893760248574,0.3967027877444194,0.6027695519317141,-0.8714720262175821,,,1.193733638631332,0.07956038786358187,1.4958194508912313,0.31472241442105725,-0.6807547933862022,1.003638470948475,-0.9002086943275324,-0.216306892291512,0.04314926667056498,-1.1820854926806645,0.010281366856641997,-0.3316956626401414,-0.15490264299144355,,,2.260969016726342,-0.3656228263356389,0.4069973028124927,-0.43769454303726646,-0.05246801067256103,-0.7215952235760892,-1.2092725407488096,-1.1280975432769047,0.8527792703964836,-0.2102769124098248,-1.2622593473831976,-0.7354196060375062,-1.6921968418258886,0.6594913931754274,-0.6464816222781778,0.2634105760669879,1.65504297096935,1.3656896622050543,0.8396149613268966,1.3748562965675684,0.03986418125957344,-0.9817912732156718,-1.2788825280284313,-0.26087603408782645,1.0546499638500322,0.4231613002564723,-1.7168628026432033,0.5321593519194899,-0.5844395876767481,-1.958147807589062,1.2674214676289182,2.019534185911426,-0.29035455905090984,-0.9899563301410242,0.3447708286009214,0.31259478191675083,1.2498398834060855,-0.25219688495229425,1.0054613083044464,0.3079256158294357,0,-0.5627314338711377,-0.9543286678731008,1.3660475836957477,0.055079563780520785,0.7033802580884125,-0.3101651830689341,-1.6600912121674187,-0.11966305491592938,0.5362507176310746,-0.6786494005751764,,,,,,,,,,,,,,,,,,0.7963260388088429,0.1705260788034572,-1.2314329148909349,-0.5351238835383624,-0.9978918234349912,-0.04204486589402011,1.7661831727413482,0.9427225754517917,0.9889304642606285,-0.10151488870291357,-0.13357611216149384,0.1102194973491892,0.5484837841603862,2.723781271686667,1.4321547527621186,0.9497445804390876,2.5383695213313837,-0.16167651321980303,1.268928760389594,1.9744637196247292,-1.2006442766500345,0.8935246164648057,-1.0634726956313707,-1.0236845389031728,0.0004695742610114589,0.10418314498988306,1.329230668039642,0.2841960762618953,-0.5138820001265006,0.23856328803131766,1.0825529056834051,-1.2879696593045435,-0.9662147420666205,0.3901324083882271,2.120776335118229,-0.7330385374258186,1.17309731813378,10.657567251991187,0.375
5,5000.0,7000.0,60,52.80000000000001,0.9011607498684556,0.3015029686684424,-1.2967110194719211,-0.2891409226483977,0.2880906489644547,0.8970229698970472,1.1980928745061175,,-1.5853246168077728,neutral,-0.21229262773113225,1.1531246347093587,-1.1414400530931657,-0.9650971774766915,,,-0.7958224257542217,-0.7201713157934326,1.6473049688584465,0.4302410882134719,-0.29255375034698583,-1.4666786481977587,0.5001782284904447,-0.09522249892958046,0.35332136374271,-0.6119085610750924,1.1848092107423456,-0.8956379158768301,1.1458696774014938,,,0.5919612092610592,-0.3656228263356389,0.6001071348424145,0.1059592107184704,0.1414048657684031,-0.2889796624702331,-0.552745582337871,-1.875006387211386,-0.14979241878633603,0.3818458496035541,-1.907631158910036,-1.466012252048896,-2.1316795911478654,-1.3032818933234565,-1.3478227229985886,-0.18160474223383588,1.65504297096935,0.5806938729926211,1.9963878651480125,1.7935503435261915,2.156498612229461,-1.5229961957397733,0.40344452256076774,-1.5376364890232674,1.0546499638500322,0.07555355931428438,0.3534000299150808,-0.512262194799774,0.6373758893920816,-0.7710898498967046,1.2674214676289182,1.4483898113528006,-0.29035455905090984,-0.5266725789138468,-0.1124830292527566,-0.8538548250464183,1.2498398834060855,0.05062900050090854,0.7030817784287207,0.7930219808601339,0,-0.5627314338711377,1.5588102313258452,-1.0054021650377536,0.10627988201710326,0.0033847173137721196,-0.0551149224378304,-1.9756456843294339,-0.76545445049821,-0.18278737618892485,0.028475640945014664,,,,,,,,,,,,,,,,,,-2.0524978940630607,0.18730285812894892,-1.1080840419469347,-0.262842445043416,-0.27241869968221216,-0.5465832566222631,0.07641421326259583,0.09205750106058332,-0.07698261099034769,-0.31624676973221105,-0.050290446471666035,-0.33065849204756764,0.04311767396605294,0.2297419356774603,-0.7341297472141954,0.36451184505501394,-0.2049739464815366,-0.16167651321980303,0.4871684929156245,0.001510083187831599,1.467454115905598,1.1024300019136337,-0.8034036063887156,-0.18229998638001685,-0.06702556259933805,-0.8676477972520857,0.12992480213921317,0.7937109582172105,-0.738914296549577,0.7890939527189734,0.9075262580677966,-1.121487135092333,-0.43313074644365746,0.35240576893070397,1.2254924674196865,-0.7330385374258186,0.5966290781127505,9.857487097637772,0.175
6,6000.0,8000.0,60,52.80000000000001,-1.09522406488663,-0.9105737131460941,-1.2385705687425508,0.538171275409268,-0.3321133580937496,0.631399655796112,0.5901661042639231,,-1.0704746280844784,neutral,-0.2083966728470966,0.9575468301153544,-0.8155174646279958,-1.4504682598730445,,,1.193733638631332,0.2506624429827639,0.16540952239743423,-0.8980611303178744,1.101779029055057,-1.2667044041562583,0.7729510230033794,0.33889110978190234,1.1559324959755068,0.9904390781472027,1.6777706724390047,0.29688715298903673,1.7904133065071832,,,-1.835980679165747,-0.5912590655999788,0.41992068820478207,1.4162037872580449,1.497301083938518,2.4339585906034853,-0.26980995900546473,-1.875006387211386,-1.4592232264011251,0.4397763347489372,-1.896907201675717,-0.9740343515824457,-0.4395782775825737,2.075483879327565,1.2652278326727335,-0.6247556220004667,-0.6685444044609747,0.0668047118941528,0.2506981578735166,1.7935503435261915,1.306206153142175,0.06841258454338396,0.40344452256076774,-0.893728598456827,0.7568048831053794,-0.03336615066801424,0.3534000299150808,0.7257486907273158,0.6373758893920816,0.09160806202686478,-0.07743206517910398,0.6864776934876192,-1.2215906128618852,-1.7532769367680634,2.603045979363665,0.23619803047566265,-0.2774740144540235,0.5249375000349289,-1.0876525138286208,1.5364325406032306,0,-0.5627314338711377,0.5803052889775402,-1.032216844794275,-0.1884104981998583,-1.7919582798082576,0.2708148929166607,-0.26301476203263807,1.0192445222679345,1.1544791400316254,-0.5730195041746654,,,,,,,,,,,,,,,,,,0.18422056938137174,-1.0471919789050528,-1.1080840419469347,0.37764722930329625,1.5769679430137742,-1.0511216473505063,-0.24680147576331243,-0.1377714671315454,0.10066956821814835,0.8220460034305312,-0.9298253333801361,0.551097486745946,0.0489805539774559,-0.8359321297581173,-0.6137806083266224,-0.7216535364355431,-1.003001063064499,-0.7679634377940645,-0.4754770543754246,-1.1080040471973716,1.467454115905598,0.34482297188620514,-1.0023190896748664,-1.0236845389031728,-0.2485736674070647,-0.8591943768938296,0.12992480213921317,0.46017683932156817,-0.6712612537708916,0.23856328803131766,-0.5089476325199752,-0.6804233784774687,1.4326632382367133,0.7369965037442276,0.4447514322272431,1.1586738172214555,-0.13855311954178648,10.484170455301955,0.35
7,7000.0,9000.0,60,52.80000000000001,0.6774548166404397,-0.6713120678468358,-1.2511249865171064,0.538171275409268,-1.154367133240489,-0.20794771175302526,0.3889898755391394,,-0.4739705901627727,neutral,0.9916251251195534,0.6859184495105637,0.4164625356850331,-0.7426766131706122,,,1.193733638631332,0.8707357273322536,-1.8074867166649342,-0.6051096034605674,1.137530847675887,1.6771930618439017,-1.9789565586678772,0.1940712488802129,0.06487754050639707,0.8558135704862267,1.3354316520539273,0.9360651872238498,0.5568044689538793,,,-0.9746715182670606,-1.2575627484540612,0.43711349367294844,0.42763640294789873,1.497301083938518,1.8898608674881308,-0.37441074178538664,0.22019927619665491,-0.8955573649466589,0.7829876166141111,0.04807624283159325,-0.2707530093895686,-0.023857804038415992,2.075483879327565,0.842722668801579,0.2727805828716062,-0.6685444044609747,-0.3079944351852044,-1.2652704743141552,-0.733666757559213,-1.091790824149655,1.4895027203604176,1.2213752160472906,-1.1432918773576863,0.7568048831053794,-0.6155207973323816,-0.2697037122293561,0.060790345803798794,-1.579442194230476,-0.09108377926561707,-0.13203337830801606,0.10644632208004913,-0.6048810918491752,-1.7335624882863612,2.603045979363665,0.8805312528610917,-0.9202084461293498,0.6856186867402027,1.9495323989588391,2.099919103942407,1,1.688194301613413,-0.7615287587633971,0.4807559569250328,0.7039287957376694,-1.1494556513079366,0.34894296397107,-0.09265348338566114,0.28150618187697984,1.3261951583197353,-0.3547988578836921,,,,,,,,,,,,,,,,,,0.612898436707301,-0.16181503673299413,-0.7380374231149341,0.7012861852087272,0.6135449431099311,-0.5465832566222631,-0.36003246648498516,0.7457805976540539,1.1665826434691244,0.3213702076264802,-0.0011448963807788354,-1.2124144708410813,0.9177311534580975,-0.34165942662270427,-0.8544788861017685,0.05723455290279037,-0.3675700890905605,-1.374250362368326,1.2049349242164482,0.006668107727550821,-0.3517038790186968,0.34565725282497184,0.17256026870696592,-1.0236845389031728,0.8380540215288218,-0.4481521093189771,0.8794909683269811,-0.08543508396926484,-1.1808909838684394,1.3396246174066293,-0.5200130196462978,1.1989585333073993,1.5659342371424538,-0.4046199922209844,1.2281582798050237,1.1586738172214555,1.2050915125784243,10.293872000905491,0.3
8,8000.0,10000.0,60,52.80000000000001,0.22078817821423924,-0.2844672540238098,0.7944080924233529,-0.07866659451019428,-0.6209032552319229,-1.2820081682680144,0.3889898755391394,,-0.014521939439260006,neutral,0.5424990699137926,-0.7342087678672358,0.39961627605831945,-0.2955986051020241,,,-0.7958224257542217,1.0536737714692246,-1.1623755118622594,1.3304132110345657,-0.07927803273352972,0.3717329115993426,-1.3232472998581601,-1.502238020657652,0.42959758608445775,0.11899912410520339,0.5432035505839715,-0.7016942824584737,-0.029870305509366493,,,0.08819725300155193,-1.2575627484540612,-1.4287076680093502,0.029655065717421082,1.59766682996592,0.5981547179761569,-1.4445377496938985,0.22019927619665491,0.16903031738926702,0.884780765961827,0.04807624283159325,-0.5923182526488255,-0.04340478709292179,-1.3784940474274816,-1.5092305993861481,-0.1287403969511614,-0.8539882626189181,-2.113416346803304,-0.5124619692672011,0.18671745959974784,-0.26938190118443917,0.19203349438658565,1.2213752160472906,-0.04477880598227063,-0.06013172585721456,-0.6215048397268571,0.6368471708520871,-1.0400469832268,-1.7284102697810821,0.35123171030134204,-1.7434349883230345,-0.4250322772632384,-0.6048810918491752,-0.6795110887248441,0.07368275420172092,-0.5341758540929773,-0.5439726975451512,0.1379378732254868,1.9495323989588391,-0.09635245000700463,0,-0.5627314338711377,-0.33854185193686354,0.5503082043583537,0.46231010647725046,-1.2431509058965677,-0.19984680688670595,-0.009865503331124487,-2.0273113635868723,0.1949688832691794,-1.8297009681386083,,,,,,,,,,,,,,,,,,-0.9215036305923872,-1.0453270546404123,1.4822422898770693,0.2167210616991475,-1.2177071185730033,-0.5465832566222631,0.5677405322378549,-0.1692227127091307,-1.32054786544982,0.5994782343863934,1.4183386336694066,-0.7715364814443245,-0.7234539369913039,1.2216208241041318,-0.8544788861017685,1.036215830400921,0.5310527984467854,1.05089733592872,0.35563525183973915,0.6761217909207401,-0.5942582783419361,0.7295164948638142,-0.08125798562270657,-0.18229998638001685,0.29383234899798194,-0.17615017595083918,0.8794909683269811,0.40604756803436765,-0.9353394454422337,-1.4130287060316498,0.30871051207541284,1.0670554015440277,1.032850241519491,0.17748169691145121,-0.1607657678122821,1.1586738172214555,0.5530390120551743,9.182803004448678,0.075
9,9000.0,11000.0,60,52.80000000000001,-0.1340623573395643,-0.2844672540238098,1.7509129925097302,-0.07866659451019428,0.05238024989434867,-0.5953915866981767,0.5630681905535557,,0.6315026904146637,neutral,-0.7814827966244952,-1.8285354742902133,0.2769616805372754,-0.9292763940400114,,,-0.7958224257542217,0.2823476894219656,0.9978828622543037,0.19931377270046913,1.5669384070417258,0.25724164551398926,0.07773410106530698,-0.5846891660026666,0.7260486374204694,1.1689775734680534,0.08372383039377282,-1.205532146058091,0.04104238996390132,,,0.06821193072810657,-0.7394138958395732,-1.8727800415133407,0.9376446168752135,1.59766682996592,-0.1728424763626174,-0.6279046617472286,-0.44138793248809116,-0.5355916812550372,-0.34726647893888696,-1.0022677364383126,-1.1703177165760232,0.8293094354522698,-1.1077890555715142,-1.6782413860460852,0.6618139856778966,1.503044701493216,-0.12049724481310531,-0.5043837340588626,0.18671745959974784,-0.0071305705916303455,-1.8395759612783753,-1.2300836323672923,0.5568543714457225,1.1978439389290982,1.9441621228149664,0.6368471708520871,-1.3319137262996024,1.046995711185579,-0.05007478409368707,-0.12207855409230263,0.4786075012307186,1.6017889784844856,0.9716488975466879,-1.1796329649970023,-1.1649078548477412,-0.5439726975451512,-1.2944980408466742,-0.7184994736526948,-1.6100312749586996,0,-0.5627314338711377,0.0184301774655179,-0.8392526919257182,0.25105205723950075,-0.5030858890707927,-2.0433367258416752,0.6067945382819688,-2.232557577659255,0.46946860382402555,1.3127292939492743,,,,,,,,,,,,,,,,,,-0.07834661667405556,-1.2728241118093195,1.358893416933069,-0.38926075759199974,-1.043948919057675,1.471570306290709,1.0063196941751558,0.9031422058875321,0.8112782850521325,0.3985581042030506,-0.08457625176395862,0.1102194973491892,-0.013694814148245138,-0.24495109923969294,-0.7341297472141954,0.4099199005688125,-0.8029772455350769,1.05089733592872,-1.3695493891171537,0.9252531020538134,-0.8368126776651754,0.5946087814439144,-0.6489379888561808,-0.18229998638001685,-0.23152270820166385,-0.8777956271026781,-1.0693810637612156,0.3845680592806823,-1.1427008948578785,1.3396246174066293,0.4384515218565933,0.35264749413908175,1.032850241519491,0.7707728132193088,-0.5410466540696786,1.1586738172214555,-0.08471419167123809,9.948026957786192,0.225
10,10000.0,12000.0,60,52.80000000000001,0.7845647300573675,-0.45132234897578993,1.4820585295353168,-0.461094626697735,1.0600692653829584,0.0762642403135879,0.5630681905535557,,0.09258137177794426,neutral,-0.038802283512802675,-0.9379730023807689,0.40770587498772914,0.3509457152315941,,,-0.7958224257542217,-0.7734776639359348,0.29444216527755435,0.3896701960084951,1.4662920109483528,0.5620976153929904,0.017605391512409165,0.7906234569549327,-0.7755861057596041,0.484070613200394,0.816530411747512,0.13277349364066682,-0.3137620076722031,,,0.23114192989394294,0.660222359834004,-0.03898097011920549,0.10316255416336745,-0.5621366183353518,-1.126529271020172,0.30115308074536395,1.323598928154749,-1.1738765826550417,-2.787598936253023,-1.092889530199234,-0.3678688809760407,-0.012143327798977819,-1.1077890555715142,-0.6261829829426284,0.7817386430910693,1.503044701493216,2.375130358480419,-1.5705146359332964,-0.3576559203848708,0.2949390989548623,-1.4789688826378706,-1.7458962250895365,-0.011043310765108184,1.1978439389290982,0.853222463652605,-0.4521151475303305,0.9772205037921423,1.046995711185579,0.37953001197742114,-0.12207855409230263,0.8264967835320075,1.6017889784844856,0.6645542219428774,-0.46678200131692377,0.4004623270469236,1.2857865346952932,-0.8019752961673338,0.1512157574601202,1.0686647081391234,0,-0.5627314338711377,0.9507784985372827,-0.831957918142873,-1.292915652921132,0.5007490725610549,-2.4422429118833304,-0.21012542453711464,-0.3341232256187701,1.9000165179058337,-1.8807953743618742,,,,,,,,,,,,,,,,,,-1.3448128862587194,-1.025796074447871,0.9888467981010686,0.3486921432460022,0.3742358979754679,1.471570306290709,-0.2893024328688946,2.1580542171898274,0.6336261058436364,-0.720022628223665,-0.08079274668281386,-1.2124144708410813,1.7114717625163849,-0.6478965097456552,-0.6137806083266224,-0.33629005112575255,-0.40565494694248533,1.05089733592872,-0.9607959991574236,-0.29345929638932505,-0.10914947969545752,0.46489036230739533,-0.5802453587023088,-1.0236845389031728,1.0633930009058408,-0.24105544287493225,-1.2192942969987692,-0.026549525148655346,-1.1443757777478805,0.23856328803131766,-0.5658305488130838,0.11614280787710753,1.4326632382367133,-1.51516816286937,1.459927940142208,0.2128176398978184,0.05802161253304637,10.282881739537743,0.275
11,11000.0,13000.0,60,52.80000000000001,-0.0988290100977377,2.318079968949226,-0.5076458451828495,-0.461094626697735,2.018797289869586,-1.7457469114829764,0.733147427136873,,-0.12335920123488706,neutral,-0.1677207996298858,-1.0384026400339412,0.584373601466071,1.0750932922816183,,,-0.7958224257542217,-1.1702451968480918,-0.6053302167117961,0.30479796491776584,0.10987280521889885,-0.8038884124530323,-0.3029709313094658,0.16550109338574098,0.6700380450903233,0.19687226167473465,0.056673315636556046,2.0012270303985664,-0.9217911172627777,,,-0.9988772002012828,0.660222359834004,1.0616197065628727,0.7684673692915437,0.37408862701574247,-0.1471692814174702,1.7889884650514623,1.323598928154749,-0.36200829730412803,-2.109992697358734,0.4123545798922416,-0.2508368115449868,0.8797986389339931,-0.24305208966859798,0.5278643077546222,0.007796980560392253,-0.47031042084288377,0.48875078365596997,-1.9056428834919916,-1.0979232553336067,-1.3082835447509567,0.6505782302786299,0.4675584221605843,-0.8066802098850097,-1.450231002934788,-1.7756428603329941,-0.04986247807030585,2.4273935552206307,0.781549116892986,0.09032001383151199,-0.959952207115445,-0.2209917752862525,1.5656985871490203,0.6590514200841074,-0.46678200131692377,1.574813701597767,1.2857865346952932,1.1262947428144219,0.1512157574601202,1.558817260425669,1,1.688194301613413,0.4046249214043627,1.0023691190803334,-1.3359093192288405,0.6960731738353991,-0.8901310169711255,0.8280024505856278,0.20634846972980275,-0.8902209476397597,0.8477489289891804,,,,,,,,,,,,,,,,,,0.9664754000017538,-0.23390504196554557,1.7289400357650697,0.45447374582592476,0.5865402629290921,1.471570306290709,-0.7568301802568127,0.9673640943876202,0.2783217474266444,-0.8770302145521683,-0.35791830819376874,-1.2124144708410813,0.7025270701406797,0.12437247187894203,1.3118056138745455,0.4956139207643495,0.21490790820958258,1.05089733592872,-0.3941719596814582,-1.8419293671982773,-0.10914947969545752,0.18328580317412532,2.290181307708466,-0.6029922626415948,0.24138169828628844,0.5344816719124599,1.329230668039642,-0.34940389850514303,-0.32134238793359776,0.7890939527189734,0.18009461076019073,-0.07439368130085496,0.23322424808504633,-0.8542966527091124,0.7155962740928281,0.6857457285596369,1.0932472799841175,10.472077342518638,0.325
12,12000.0,14000.0,60,52.80000000000001,0.1628753780388587,2.318079968949226,-0.6890299359196073,-2.6040560795085588,0.4146988739617913,-0.2504785537335275,-0.18364663545173604,,1.1127979300343653,neutral,-0.8401373666929326,-1.0462639807495437,-1.7889726509597341,1.5066415792546406,,,1.193733638631332,-0.4490382487193611,0.3584276776536088,-1.9561428200615334,-1.586080846041197,-0.19071041304467173,-0.8228446158587382,0.17896533442027213,2.2240613154006996,-0.31580885689150345,-0.9271141058348772,2.55204082142442,-1.5227520785720239,,,-0.8688405020461607,0.18183930695299425,0.9199620422678034,0.3043337511508701,0.37408862701574247,0.3188805025889217,2.225102027815519,0.9880501038253642,0.42677190683697164,-0.7236039886538372,0.4123545798922416,-0.0768997329954534,1.8645322535413804,-0.24305208966859798,-0.00098907188699434,0.019280815005328418,-0.5003973267063689,-0.778559511325066,-1.0878725479605806,-1.378690140312979,-1.4527070881691164,0.8337678762495881,0.4675584221605843,-0.6054568172437799,-1.450231002934788,-1.4301522607311976,-0.04986247807030585,-1.046298876423641,0.06789335677571176,-0.20716312980982998,0.5736583623509356,-1.1502875543330007,1.5656985871490203,-0.1589778189713251,-0.7910077860481829,-0.04809865625710698,-0.7969260133469912,0.813602011966679,-0.8276827806048561,-0.9887928122074453,0,-0.5627314338711377,-0.3630228491989249,1.020767041081262,-0.44703458621102005,1.2019840440275733,-0.07888148285883995,1.7551839195903198,0.11663263233192636,-0.8824207001478136,0.8417737365985406,,,,,,,,,,,,,,,,,,1.479849588962835,0.07100168654309692,0.4954513063250678,-0.10379142754085133,-0.31632481389949463,1.471570306290709,0.8952692941552097,-0.6946601799261561,1.6995391810946125,1.0132552565614776,-0.06199723517687327,0.551097486745946,0.888467851273928,1.785578836889004,-0.37308233055147644,0.40477673476653453,2.2715207543951794,1.6571842605029814,0.6235965942234947,-1.0525724328464405,-0.8368126776651754,0.47022720045108707,1.0119288694453923,-0.6029922626415948,-0.38981280745004215,-0.27298896474724976,1.329230668039642,0.4969151004026859,-0.2576208323205367,1.3396246174066293,1.3793094582666237,-1.7855504474971802,0.23322424808504633,0.014662164347586873,-0.340588885625026,-1.2059666260876372,0.36026907754635334,11.070418774403672,0.5
13,13000.0,15000.0,60,52.80000000000001,-1.0899379158254414,-0.8923274841591065,0.22635290127082683,-2.1583080945951867,-1.1168943930852235,2.476118889199582,-0.7480072905388957,,0.7640030260766211,neutral,-0.1550568375547474,-1.4278947883123825,-0.19750238446831656,2.469267612598911,,,1.193733638631332,1.3755220871691307,0.18074258065568366,-0.6603847981125275,-0.32796328861810875,0.6765161431025065,0.03981507914879596,-0.8247749151694771,-0.2852160137986165,-1.7312177111696694,-1.7537099663867655,0.5182650988761318,-2.1327175279175448,,,-0.7345607142987581,0.18183930695299425,0.9000802608258699,-0.3702388118763546,-1.5179216999829415,-0.6717370843298083,-0.11124470640360466,0.9880501038253642,0.3902672369463304,-0.7175331908630183,4.988325690400264e-05,0.736853874178618,0.7562437967895257,0.47160227109175185,0.3060607392495561,-0.45847417253392364,-0.5003973267063689,-0.729596825773675,0.4305115593305078,-0.5126977171310441,0.45177111712642865,0.6955950430213428,-0.548496815602712,0.07303811854170851,-0.9786545651595006,0.5470288403732477,1.3386876644836434,-1.0329921747800506,-0.6939042374403294,-1.2326137682138092,0.5736583623509356,0.23986033030890563,-1.520089332024804,-0.7339065635899291,-0.7910077860481829,-1.7998862507867985,0.37550577072373154,0.20152056448365313,-0.34955026674448664,-1.2061373955334016,0,-0.5627314338711377,0.4319548100534973,-0.9529382524572216,-0.7769022387031532,-0.7155461235310623,1.0103280328162074,0.834441331418126,0.6462325337200922,0.45326902123157775,0.6102683227610738,,,,,,,,,,,,,,,,,,0.3910663315608624,-0.06447309417053461,-0.7380374231149341,0.4437523801581053,-0.6523447730466541,-0.5465832566222631,-0.19306816816580286,-1.755600361231675,-0.2546347901988437,0.8532101226699765,2.915168572308733,0.9919754761427029,1.1126760534764542,-0.08273498667535496,1.4321547527621186,-0.0024148042976272657,-0.41170282935129743,-1.9805372869425875,0.48111684219732304,-0.09481521286818054,-0.9580898773267951,-0.6057342008005423,-1.1987305273384845,-1.0236845389031728,-1.8148905576112824,-0.7128846993578506,-0.6196413640485547,0.467184307761597,-0.8766941685696512,-1.9635593707193055,-1.917831217286622,-0.6111507967798661,1.2993922393309725,0.9522189023497776,-1.2181494046015378,-1.2059666260876372,0.3022110823185517,10.702919026921817,0.4
14,14000.0,16000.0,60,52.80000000000001,-1.380545331515253,-1.3957767820812996,0.41202054025184637,0.1678334052096289,-1.0480346947698178,1.4149054063308177,-0.7480072905388957,,-0.3015262603779511,neutral,-0.3414651648258141,-0.33342396582251144,1.8643777110348925,0.5691497717945007,,,-0.7958224257542217,2.493146009408228,-0.3622732086756401,0.9907438971762863,1.5407890219793352,-1.3534257771862845,0.7089597280700881,0.21979751984881632,0.3182560317222378,-0.4662707749670134,-1.3731210703813086,0.021737454453993,-1.257183066229169,,,-0.7983948515958694,-0.012375440386022288,1.0383012888251208,-1.4281070490909114,-1.5179216999829415,-0.4671214859648032,-1.4844586145910201,-0.049270895956774176,-0.37773644921442184,-0.49774691618200884,4.988325690400264e-05,0.1489093723259306,1.5540501128712836,0.47160227109175185,1.4455154383091857,-0.9372230127956458,-1.2027598806518998,-1.3124727708363537,0.049972455185388336,0.09262760643167622,1.6113936268705427,1.1747456308909592,-0.548496815602712,0.5905547351907737,0.031461179739958836,0.15778625896841253,1.3386876644836434,0.06265049174578752,-0.5436073317914307,-1.4106525929109657,0.7227003058343207,0.6788219361809121,0.145695816757282,0.19221170438261367,-0.17456042147219245,0.08691327547265759,0.37550577072373154,0.5685787913356339,-0.34955026674448664,-0.789012360953612,0,-0.5627314338711377,0.9839328149263207,-0.9844484022958239,-0.9803806840368051,-1.9710973907933096,1.1572226836398412,1.7262025552546658,0.9156155898596103,0.12161193894173958,-0.302803166218439,,,,,,,,,,,,,,,,,,-1.2407802303704043,0.05691189238005061,0.12540468749306719,0.6654485807358052,-0.9295922489219949,-0.04204486589402011,1.6169877124950534,-0.14630608021718813,-0.07698261099034769,0.1949896402686474,-0.023503864477783836,1.4328534655394598,0.6299341983355069,-0.7975836026747226,1.4321547527621186,0.11686370945006319,-1.2243688669400403,1.05089733592872,1.083844515936601,-0.025359848632958235,-1.0793670769884147,-0.2862319398071113,-0.3363804069367904,-1.0236845389031728,1.2785031633386048,-0.4411462123789994,-0.4697281308110012,0.253905469852022,0.5054729513183162,0.7890939527189734,1.62930234242275,-0.08272774279496953,-1.3660277387838429,-0.08148594634893842,-1.230351375419564,1.1586738172214555,0.9010854084213491,9.873305353856175,0.2
15,15000.0,17000.0,60,52.80000000000001,-0.33672038922357117,-0.7843026515961135,-0.10101408758524043,0.1678334052096289,-1.1000533537563815,-0.668616609662348,0.5213131265775124,,-0.29642991724398554,neutral,-1.6749085577328202,1.1666141734774609,0.26756780531717744,-0.07782130556769279,,,-0.7958224257542217,0.00820297279764664,1.3585039467521325,0.9321250820742867,0.8061444630466627,-1.8704709362524632,-0.29007511829024146,1.748412581122664,0.24132023367627978,0.6498278825584349,-0.8602561934281747,0.6219950481392201,1.139754948803828,,,0.003140466383584676,-0.29731899285120406,-0.1308002090863253,-1.9816924281522816,-0.42501116989362847,-0.5611194617896934,-0.18582280094965875,0.5258661277091458,1.6622279022056299,0.3180970520516672,0.8280146340062635,0.6902239219147197,1.028607132150795,-0.6476465942247561,-0.11831596030679495,-0.20740666522672072,-1.0360578297446663,-1.0520708800486092,0.24917154131248054,0.09262760643167622,0.7755840119865366,0.06789038673382633,0.9530312262794554,1.0514410564674195,0.031461179739958836,-1.580864089726686,0.43303321717072946,-0.1761773714914565,-0.5436073317914307,1.514582053626096,0.7227003058343207,-1.5760031353221313,0.145695816757282,0.13362436768182998,0.10109618930303019,2.1909926270850937,-1.062873092759154,-0.7799654969618476,0.03478573800219448,-0.10290222178500222,1,1.688194301613413,0.03135190566823619,0.652569308693725,0.047139438544822616,-0.14968678819022277,0.26915204009328075,1.026346831937725,0.7898102235782657,-1.6021244421501126,0.9695725679245282,,,,,,,,,,,,,,,,,,-0.42729426941554605,0.6883443866703071,0.6188001792690679,0.6934599906874197,-0.5122390698239511,-0.5465832566222631,-0.932859364655963,1.0073254879362565,0.10066956821814835,0.4216295449789,0.41084252821685213,-0.33065849204756764,-0.9098430357920992,-0.43773305572729526,0.22866336388638853,0.5440146437827419,-0.12373603384941106,-0.7679634377940645,0.9667418985246681,0.5959047687302841,0.9823453172591194,0.6992391593857161,0.8825030398244745,1.500469118666295,1.188980171147945,2.0780391601054924,-0.919467830523662,0.36895007465191304,0.9523286923374314,0.23856328803131766,-0.3604533111698682,0.11706378845415301,-0.2998597475379167,-0.06648128434483717,-0.6272504042323633,-0.7330385374258186,0.3134368794858253,8.968682212239214,0.05
16,16000.0,18000.0,60,52.80000000000001,-0.538701340311868,-0.7843026515961135,-1.6373412432698906,-0.18615155484522758,-1.1933590814263508,1.0793450603770847,1.178388132867539,,1.1616879919815106,neutral,-1.9119397192170953,0.517211779386567,0.7175449949259018,0.34857835593580405,,,-0.7958224257542217,-1.4801956602324065,1.3564029765214252,0.8798899532505171,-0.9388913862839303,0.6974899248878562,-0.38007753371953035,-0.6443825495269434,-1.345580738865168,-1.6471719734325396,-0.628110361841924,0.5322073859257517,1.2299912379995341,,,0.5268806548241541,-1.088106510821677,-1.4814197252408958,-0.24043016123716357,-0.42501116989362847,-1.0564193672401447,0.9460254287420677,0.5258661277091458,2.1921378131912217,0.5987138826932495,0.8280146340062635,2.2054568492810174,-1.1716303546708033,-0.7487661075070606,-0.9613463986540284,-1.298469739643705,-1.0360578297446663,0.0032565985782691356,1.1969088949490365,-0.7546726040446348,-0.34972574293998443,0.1973556531480543,1.0852190782931976,2.5133764601027715,-0.5197067536954367,-0.7813765424652507,0.43303321717072946,0.34236277827772843,0.40064279491319443,1.3966361484451841,0.6618146454590945,-2.334170551304545,-0.724686985117779,0.6778282633812953,0.10109618930303019,0.9630507305222087,-0.7424368135804635,0.4880210584208166,0.31498222891083205,0.176113073359758,0,-0.5627314338711377,-1.2661224960396338,0.5866160424416272,-0.5993943851535679,1.376499119604422,1.1228797075255863,-0.8035615851110554,0.9548670666935628,-0.2636841036215461,1.6545903306713576,,,,,,,,,,,,,,,,,,1.0857810911748154,1.8882621653891105,-0.2446419313389334,0.3881139350852456,-0.3121925829506347,-0.5465832566222631,-1.8282757273121566,0.2459866903753473,0.6336261058436364,0.7032843650079517,1.3110271683612924,-0.33065849204756764,-0.215753746132406,1.1855035586546336,0.7100599194366805,1.421149631379431,1.0520681447954892,-0.7679634377940645,0.33718287353140586,-0.7644353939024443,0.9823453172591194,0.7835338610108044,-0.8930848841185183,1.500469118666295,-1.1862760285707061,1.35323108842831,1.9288836009898562,-0.28149663747227205,1.1350640373271752,-0.31196737665633817,0.005413360422749012,1.8593056914345822,-0.03331774972643519,1.4487364676237957,-1.0121760677621277,-0.2601104487640001,1.0522482650495149,10.98108594938058,0.45
17,17000.0,19000.0,60,52.80000000000001,-1.233035325695307,-0.7166331990003534,-0.713095299431491,-0.18615155484522758,-1.1851341828233495,0.7551373398538935,-2.0405203920722816,,0.04050722197784416,neutral,-0.5392693365748782,1.5767736120255624,-0.21083208849597787,0.8659031715168934,,,1.193733638631332,-0.009090185688143858,0.2793511370037217,-1.245167356136411,-0.49793706684831807,-0.46913274767873214,0.24580508037558094,-0.679281107000541,-1.7461667506714507,-1.6579844545702522,-0.599881697901147,0.05461253520682409,0.8504052986096623,,,1.5367358674140519,-0.03883206208544485,-0.47956328657657527,0.14128642045368886,-0.9993501452596645,-1.3715438592298264,-0.08708462495614527,0.23018201532916416,0.0043076186894871644,-0.011468333974589644,0.7032468863373007,1.5518932766201836,-0.1716673627696756,0.7018877691677275,1.202867740136178,-2.2804102139335596,-0.25393913118134975,0.6187258675617231,-0.18740736791469917,-0.9065266965149262,-1.0567776908086608,0.9533631093697061,1.0852190782931976,1.4690573578067576,-1.4526057169032216,0.745461614675347,-1.1650091389916977,-0.061385179698426336,0.40064279491319443,-0.053364169621381984,0.6618146454590945,-0.033769149348672436,-0.8888701063981775,0.4904953466386651,-1.1569556371884735,-0.25376483981061665,-0.6126634142175108,2.5733149392417487,0.31498222891083205,0.14517933448796094,0,-0.5627314338711377,-0.3003823236867949,-0.968289691957852,-1.6686521383456037,1.262716833673968,0.7566289001618025,0.40666436563351627,0.699730398402291,0.8255327023754454,-0.13487155610168228,,,,,,,,,,,,,,,,,,0.5289969869819621,-0.3083376655292695,-0.1212930583949332,0.4764598617359243,0.5610243073506544,-0.5465832566222631,-1.47638469247902,-1.2696787842038955,0.8112782850521325,0.30922337600086347,-0.8302932362465912,-1.2124144708410813,-1.1179327608570393,-0.43556698056668053,1.4321547527621186,0.041731925053139295,0.06327054714008801,-0.16167651321980303,-0.014170069357142816,0.11808638193195752,1.5887313155672176,-0.40999302525876113,-0.5532185353083746,1.500469118666295,0.46598178614047636,0.9393434476873609,0.4297512686143204,0.11717120375647248,0.8301416268707533,-0.862498041343994,-0.11189618609450568,0.5039375313252492,-1.0994857409723613,0.8848385627543282,1.0850225596533467,1.1586738172214555,-0.6151353457376858,9.588909779266528,0.15
18,18000.0,20000.0,60,52.80000000000001,-0.5760600431222237,0.3388092914387838,-0.07449626178704925,1.69660484831073,0.040429708197703994,-0.43243355740320133,-2.0405203920722816,,-0.13260928718448126,neutral,-0.26082680178465706,0.987354023869862,-1.5096931698185738,0.7018276378191928,,,1.193733638631332,-1.2150101336890025,-1.2693565112420662,-2.1833720568160038,-0.7964718564431843,-0.8901277625192926,0.6570336377235727,1.020089567133816,-0.7313666864932793,0.9645346119012101,-0.43684923791032915,-0.7508052720440739,0.8586573648151165,,,0.23380287573551428,0.7860478451672264,1.7847134721557232,0.9820600967980544,0.5006035634293591,-0.12599563520130638,0.6911694092240257,0.23018201532916416,-1.2379559157996802,0.8203552954867775,0.7032468863373007,0.717229932607126,0.20538364408440074,0.7018877691677275,1.0476952860882236,0.9903884495980356,0.6510900694343864,1.2275578047867004,-0.2898060818772017,-1.222247218364344,-1.4787438603790237,0.02206529865819873,-0.22509615351531131,0.4351830204236511,1.2887828960406316,1.2786044320504346,-0.7960819071343834,-1.3888718320772637,-1.1425164492029225,0.8848019951620641,0.28923623392236236,0.6624824496159446,-0.8133382837849705,1.5608423055211842,-0.5211400131223993,0.5834962786078985,-0.6126634142175108,-0.9195195161823418,-0.6953042175740086,-0.1183324824393321,0,-0.5627314338711377,0.6235444780118683,-1.00295922492982,1.2755841128386634,0.8678157479395925,-0.1849312538405291,-0.06053321678498506,0.757964670389651,-0.9694965236805311,-0.5448936192950071,,,,,,,,,,,,,,,,,,-1.6473083742013348,-1.0552806359816742,-1.1080840419469347,-0.2516148950732014,2.4899480764344624,-0.5465832566222631,0.34941480179781964,-0.16042090748604654,-0.43228696940733974,0.25083935910619415,-0.17050410700305438,-1.2124144708410813,0.044557792782043006,-0.8273258269184174,-1.2155263027644874,-0.5328025189915838,-0.18538071296609865,0.44461041135445845,-0.642695880909019,-1.1802124512195848,1.5887313155672176,-0.24058728853112762,-0.007862477603168654,1.079776842404717,0.11834658314097644,0.03496669693385526,-0.3198148975734476,-0.24703872946162092,-0.17882431797816511,-0.31196737665633817,0.38490780830679205,0.7449146075352788,-0.9662147420666205,-0.0030829941723588155,-0.2533116427753181,1.1586738172214555,-0.824943503695633,9.468438962615652,0.1
19,19000.0,21000.0,60,52.80000000000001,-1.5366619643091879,0.3388092914387838,0.17826756585857348,1.69660484831073,-0.4945901792421451,-0.36108463781650474,-1.3050736561148748,,1.8864789165339242,neutral,-0.2165905115744626,-1.133676745230709,-1.7065009638458328,0.39306894723072155,,,-0.7958224257542217,-0.8992884216710706,-1.1979808954836166,-0.2951611659120247,-0.8990757885962704,0.11162459100545945,1.1920066598214145,-0.06233643514836861,-0.31276272391433857,1.1809853128486203,0.895811564637681,-0.610572713804938,-0.4464320036033471,,,-0.6366461824023685,0.7860478451672264,-0.596062057566174,2.1931135494935354,0.5006035634293591,1.0707202203792037,1.3412096364762365,-0.5452179381220763,-1.0900450347791661,0.9047065191002119,0.39780737722512244,0.004911484269034357,-0.8880323224518186,0.16314193203829108,0.09055928304496562,2.4124619799386795,0.6510900694343864,0.16301128859316655,-0.3612607867930267,-0.9955670285498301,-0.3814480694535017,-0.19413478937892972,-0.22509615351531131,-0.9512668175280264,1.2887828960406316,1.0655482781490397,-0.7960819071343834,-1.2786051926810236,-1.1425164492029225,0.780385139703642,0.28923623392236236,-0.6341486410955828,-0.1309802422702272,0.9018901413549059,-0.5211400131223993,0.10772710979510237,-0.8224836391725847,-2.012735383634975,-1.6676352824542369,-0.7499651733155198,1,1.688194301613413,-0.23350551363668584,1.366226417793426,2.4226440060444014,0.6524409692049881,-0.43784066357798196,-1.4172836897410896,-0.47240646916256307,0.8517428984254387,1.1178279813533756,,,,,,,,,,,,,,,,,,-0.11854320220497544,-0.9381133972372956,1.2355445439890689,-0.03142126338172178,0.07267248809275252,0.46249352483422296,-0.5919612373012467,-1.517534958914013,-1.853504403075308,0.9578089297699766,0.7181481847607831,-0.7715364814443245,-0.7509134069537126,-0.1292025618485975,-1.2155263027644874,0.4632667829104514,0.28996605624963173,1.05089733592872,0.10666703107496235,-0.4956487421451882,-1.321921476311654,0.16246349846992805,-0.07962741789537692,0.659084566143139,1.3291927582429068,-0.28423367873767436,-0.3198148975734476,-0.09921983842892529,0.46056333798029536,-1.9635593707193055,-0.03841774637467742,0.15554052856466402,-0.43313074644365746,0.5522789146533289,-0.19338364268107422,-1.2059666260876372,-0.9477735674167674,10.12130419095747,0.25
20,20000.0,22000.0,60,52.80000000000001,0.090564196977663,0.4702893106914972,0.7031112857191333,1.929969472833645,-0.9740718694081725,-0.8098944742398306,-1.3050736561148748,,-0.020312307558700837,neutral,0.7789095244266734,-0.3643530590569881,-1.0427345742845235,0.015932860133662026,,,-0.7958224257542217,0.6546845271350744,-0.5823432726824648,1.179930863005121,1.0586678802177296,0.004735849477783921,1.190203487799877,-3.091713619698037,0.22312772407581818,-0.1239066457004321,0.6602731246428241,0.08933000537993614,0.18744347147319365,,,-0.04397024544382137,1.32133692611292,-0.8143607312838675,0.6410069562987089,0.3932434771266752,1.6469482921996517,1.239102737693406,-0.5452179381220763,-0.6147714326581001,-0.11803784175085226,-1.0872604845029494,-1.2436857647956259,-1.5120514961485474,-0.19637424985001847,0.7842918885148988,1.7793430682451945,-0.6128571873840415,-0.2542382154969018,-0.326485749056697,-0.9955670285498301,-1.177697906860077,0.6945470008257801,-0.4211598922002493,-0.6960565027230721,-1.207096334765417,1.8263627520709034,-0.8973035309528945,-0.6990045320953033,-1.239596566076509,-0.9430962176129587,-1.164896083517077,-0.5071834232154959,-0.1309802422702272,-0.7585844297854994,-0.3688583405194591,-1.1462331822071783,-0.29852202463287336,-1.5923364327180156,2.912347844777879,0.2689841064127133,0,-0.5627314338711377,0.48631907927456963,1.3972836405345301,1.211667320130831,1.1191623617964452,0.4057450371782968,-1.8386404921495632,-0.6924004352120869,-0.4433161798341541,0.8903513744359227,,,,,,,,,,,,,,,,,,-0.9125731575355489,-0.020084392210941437,1.2355445439890689,-1.1261120647777165,0.4289554656839876,1.976108697018952,1.4119684693465158,-0.9787954548526027,0.8112782850521325,-0.3793081880706386,0.5115304940874154,-1.2124144708410813,1.225030364722514,1.838103338352048,-0.37308233055147644,1.4008675483086925,3.9364173475133892,-0.16167651321980303,1.445299212286195,2.6382835155080024,0.3759593189510211,0.7412354892260159,0.3618147257434801,0.659084566143139,0.914381676900926,2.630230003228051,0.579664501851874,0.2720517534159281,0.34827224933178075,-1.9635593707193055,-1.8632155268617012,-2.1147591882677776,1.8324762349539354,-0.3645028107008346,0.004628373211101614,-1.2059666260876372,-0.16539286492354358,12.267474972729655,0.6
21,21000.0,23000.0,60,52.80000000000001,1.0230999940197196,0.4702893106914972,-0.05220966911735315,1.929969472833645,0.5946704448101198,-0.020103235127673796,-0.5942230330521396,,-1.7102031353432703,neutral,0.04534644390959147,0.15291151138644377,0.35048927326264745,-0.06460769522611244,,,-0.7958224257542217,-1.7020171555802015,-0.7068449526614261,1.668515564317464,0.812934330684941,-1.3248727475196753,1.0860728658098364,-1.7028769629855098,1.4662087539524857,-1.1236323637316887,0.5480235718349485,-0.2664761389956026,0.8224902039473495,,,-1.396776623106273,1.32133692611292,0.5171910122539141,0.3718119722213382,0.08312050573751717,0.4289609699023804,-0.5593300637745193,-1.1716962435947202,-0.09376211600372242,1.4242773813720482,0.5867482492332114,-0.24907745623855476,-1.0554940990848711,0.6237464924672689,1.0780979219932951,2.041674840438084,-0.6128571873840415,-0.5495527220225858,0.08904504260174917,-1.1089739830801346,-2.135733833846567,0.7619737356900196,-0.4211598922002493,0.06562873684977157,-0.4724977086825173,1.399012511420785,-0.6888317739305893,-0.5068116809034668,0.3785892431016877,-1.5023568458292003,-0.0026188900163881977,-0.44387413907857326,-0.9812075679010954,-1.0550551577712122,-0.3688583405194591,-0.05635923347020927,-0.29852202463287336,0.572517790628349,2.912347844777879,0.366277253596626,0,-0.5627314338711377,2.0341409159069688,-0.9820128758593061,2.5128196098412126,-1.661179626589674,0.8005711751519407,-1.481656017153974,-0.31212089000021787,-2.1513528440424228,1.6262245313437023,,,,,,,,,,,,,,,,,,0.2627327137331005,1.8065189672352533,1.2355445439890689,-2.1498634470917732,0.5762329579156731,-1.0511216473505063,1.4979831263374688,1.292846904352507,-2.386460940700796,1.3311988511341035,-0.9369202319713678,0.551097486745946,-0.7685848534731732,-0.2584143243008959,-0.37308233055147644,0.18477463982511397,0.09308660295661064,0.44461041135445845,0.3774130489727216,0.36713722978762386,0.4972365186126408,0.44026601545230293,0.05424249377489786,0.659084566143139,-0.24380954743665628,2.2139447432209773,1.4791439012771954,0.9263885116021426,0.042696027847558674,-1.9635593707193055,-0.3654185303270958,-1.1790463948366423,0.23322424808504633,0.31550569791243993,-0.5523950730266768,0.6857457285596369,0.022432064946159354,11.423408993854986,0.55
22,22000.0,24000.0,60,52.80000000000001,-0.21549930926145436,-0.2643028395524992,-0.6103461953353556,0.15805329746527264,0.060668983070550006,0.5739675576767895,-0.12114531590381988,,0.08945758248142142,neutral,-0.11212540441544432,-0.09784203716358916,-0.0338983470817553,1.2591408915610052,,,1.193733638631332,-0.4335021132498828,-0.0831990619475122,1.7866933877914672,-0.1569325198420055,-1.8587685585775113,0.5231097098336259,-0.3214542577508589,-0.6206912797828068,0.5226914547644219,1.1938914539451742,-0.04381364574448253,-0.970715000324511,,,-1.786271394526009,-1.5966631335325494,-0.636025096502673,2.1116377661450416,-1.103936080009368,-0.384079437117502,-1.509521213119711,1.2068120100910702,0.7828859977320143,0.4926049819397405,0.5867482492332114,1.1700793098329063,-0.450475867970229,0.6237464924672689,-0.49569401620988734,2.1317249808708327,-0.7866062995660196,-2.021145863884504,0.7501385774879943,-1.0027728567475547,-2.008471603033016,-0.16047625278874073,1.9177759837087167,0.7474660010644059,-0.33365758876862067,-0.7110853195951862,-0.6888317739305893,-0.3145136522414778,0.3785892431016877,-1.5440463280183465,-0.0026188900163881977,-0.8108347005332108,-1.6089851030637032,-0.38058888608237573,-0.5967355601577687,0.8363739817601249,-0.8626271624857412,0.8662464754924704,-0.45513166287676565,-0.6608995013313825,0,-0.5627314338711377,1.003991143685482,-0.9143920342532703,1.9089691678236569,-2.7614451933258204,0.42884081249544687,-0.9509055616730252,-0.9887252673905128,0.13962824760957326,-0.9754982339802213,,,,,,,,,,,,,,,,,,-2.2710426900542435,1.678702809841559,1.358893416933069,-1.0888462116042092,0.22096439745094265,1.976108697018952,0.9440832236096925,1.3749276313857242,-0.7875913278243318,0.994432736153575,-1.106076004659161,0.551097486745946,0.544608172674781,-0.939264357669033,0.3490125027739615,-0.29757324921896694,-0.6967009833144501,1.05089733592872,-1.097084817492738,-1.3039421665970348,0.6185137182742604,0.9877801273312589,-0.587177615804467,0.659084566143139,0.27378724776027763,-1.6395307277191034,1.7789703677523028,0.35495592127410036,1.679313521134679,-1.9635593707193055,-0.14816446178512918,1.7839553710820093,1.4326632382367133,-0.2199612396570516,-0.7210417637846084,-1.2059666260876372,0.5392677738831898,11.330017853391173,0.525
23,23000.0,25000.0,60,52.80000000000001,1.3899620759413291,0.9081737873425981,-1.2846743066220465,0.15805329746527264,-0.8812417108767824,-1.0650438162290476,0.9633217896175966,,0.5839943300883776,neutral,1.0884119728663741,-0.7522510994702836,-0.5015900121509079,1.127259661563345,,,1.193733638631332,1.4407916843466908,-0.35592422802003704,1.3428619157587238,0.5298996351199246,-0.034711528201677076,-0.9649212637766855,0.1311004101286015,-0.5492756689645193,1.3951022130436168,0.8492818396713562,0.9688072460318959,-2.337860986975833,,,-1.3226419742271438,2.998186122196771,1.2185363054272031,2.2251661419700413,-0.7510957730972032,-0.18496773045297374,0.09264042560804396,1.2068120100910702,1.142534862490029,-0.886665068952515,-1.3954026300166094,0.12178527229179334,-1.9057845519432897,-1.398000552989944,-1.2083469212089175,0.02968313932069616,-1.8046887075724571,-1.7416552255412805,0.4252045298808866,0.46142135346822705,-0.49422348979901626,-1.7757201864707746,1.9177759837087167,1.4475572101595238,-0.33365758876862067,-2.145823780073778,0.14059651019609928,-1.3227279509009715,3.4758206017368347,-0.3639391981649101,-0.3366546162385879,0.1076714616223725,-1.361841336101912,1.396561253047663,-0.8231481316298396,0.9753133730686053,1.0416216610901328,-0.10561419702455575,3.019433916658731,0.9101021310876302,1,1.688194301613413,-1.6635177748799,0.7186660469036461,-0.5435228198223504,-1.0494585959743221,-1.3657312275179498,-1.8088033235631455,-0.04053682043945979,-2.2924078440473346,-0.6502151326574742,,,,,,,,,,,,,,,,,,0.055030961850111845,0.9569862038530551,-1.2314329148909349,0.6126894753807969,-0.09914005399809082,1.976108697018952,0.6985232087611535,1.5478256824738208,-0.9652435070328279,1.1434384546126957,-0.7518751435126929,-0.7715364814443245,0.9529524657999568,-0.4621838496264491,-0.01203491388875747,0.0688643126928975,0.34013198563859937,1.6571842605029814,0.08589735865650111,-0.40274775616930747,0.6185137182742604,-0.4527429431818049,-0.7023422463445255,0.659084566143139,-0.6444384528226337,-2.3232121398734016,-0.16990166433589401,0.34880060263378543,1.0488596624855462,0.23856328803131766,-1.8032422294136567,1.1147854428088422,0.09995324917930556,-0.36915566217156165,-0.31379826785096476,1.6316019058832738,0.24734409440491162,12.650073923209153,0.625
24,24000.0,26000.0,60,52.80000000000001,89.2023761757192,44.25118698276108,-0.9856628387614513,0.7033062305593435,31.800737758082203,331.0495544932615,-20.516534594148396,,0.19695705066872427,neutral,-3.1830733526644677,30.374061075490616,0.011232094168042666,-0.45554170954683687,,,12.907451958597358,24.906789057406627,55.00469306747262,0.4326206344881659,19.15663440344244,0.4268023502827266,5.091415922264737,0.144712254270571,2.8702038661289047,52.400699179592216,261.73344663814515,-28.586215241780867,109.2076337852838,,,22.726081541719562,12.671743827912481,74.57348074947934,23.86589991983175,10.402193733786644,48.95619174403588,23.569110823782363,29.036445361856078,66.86987186784722,28.843152629394297,10.644575624982373,49.330100545291465,23.823904522385355,8.707725404359637,56.981273649728706,23.32381404308187,11.434841575554566,72.77277091751245,26.114271743383707,13.999408994874265,62.72414133067951,19.705346848136177,13.826280263768611,117.68453733566768,25.88276397775797,34.54090281201785,23.852021796189426,45.3647101840265,29.943573783452656,33.16838351311583,25.160867142944248,32.189421451218365,22.031003683817854,40.867701937572264,18.189622018994815,28.47470544475721,19.36272769204684,41.03630088690579,24.21763461092478,33.94163663552338,1,1.688194301613413,-2.5167356170562463,2.5583808736519082,63.48708050928413,72.98026133133564,65.62033157859888,8.147829090662981,116.92167412232067,-0.4637470629487572,-0.30384994221111333,,,,,,,,,,,,,,,,,,1.4686079842803401,0.3552791829523994,0.24875356043706737,-0.5683239786633065,-1.6467966077305913,1.471570306290709,1.213407234701082,1.3168849312216706,-1.142895686241324,-0.2091046475176585,0.9673065111753594,0.551097486745946,1.2726725030160762,1.0907171150792745,-0.4934314694390495,1.0928737089611609,2.6897196934174095,1.6571842605029814,0.9759536015226347,2.2259540800315705,-0.47298107868031647,0.20716911084367653,28.486503277782546,-1.0236845389031728,-0.7913949202501404,1.0795599715370137,-1.3692075302363227,0.14729188355136738,17.615438808129767,-1.9635593707193055,-0.24236633443879413,2.835356214501143,1.8324762349539354,0.2384655951733107,95.54689172369318,-1.2059666260876372,-0.9297460823910025,557.423355701355,0.95
25,25000.0,27000.0,60,52.80000000000001,178.4198765692397,45.136028964530816,-0.1065505447885814,0.7033062305593435,64.53881710555423,27.350184522193214,-20.516534594148396,,1.1842445970758708,surprise,-5.196981352281965,49.95335826360756,1.3907272636891614,0.26957367375134417,,,18.493273452915215,50.12461698091011,19.713967636292402,1.2786951431473346,37.980165988775596,0.9215440827931733,11.813615671200338,-1.1986589011779873,2.1447150545811624,106.88714398990557,1.8329952678020929,-58.600838702781985,-4.72464834061997,,,45.14380156583496,12.671743827912481,0.12488353978270555,45.98829019655606,10.402193733786644,0.10882014422719087,46.208541038104606,29.036445361856078,1.7632329206827788,56.34032811827072,10.644575624982373,-0.5977611962771863,49.56020494782092,8.707725404359637,2.0274302618972113,47.98868003063706,11.434841575554566,0.2169026957904588,53.87804065858273,14.71751051831333,-1.1543387383967763,41.03237300652468,14.967081682144943,4.504948728964666,29.766335288106898,70.7506834574593,23.852021796189426,93.72075162864401,29.943573783452656,64.3602836073632,25.75264867408667,63.86870312323431,22.031003683817854,77.1759012775636,18.189622018994815,54.513625335437425,22.255357768501085,81.26147800521088,25.393736303266362,64.97458295287215,1,1.688194301613413,-0.4583888981011375,0.8442883216204232,183.9888161828769,204.58509421515708,196.63109870663882,-1.549073026411134,-10.493958582962232,45.923019734937064,42.179128748245226,,,,,,,,,,,,,,,,,,52.62781719264499,5.216168148483608,-0.36799080428293357,-2.227188589151881,-1.5139219088174813,1.471570306290709,1.4359472068210162,24.579376146882193,-1.142895686241324,-4.428654604266917,0.6900455138392998,0.551097486745946,0.39253910156437577,1.5646050400612452,-0.4934314694390495,0.642425559828768,1.3485698726216868,1.6571842605029814,-1.0468265442150575,8.132342791968666,-0.47298107868031647,0.6697074764629556,119.34996407415305,-1.0236845389031728,-1.041041222258139,5.32973590236864,-1.5191207634738764,0.2666558788332696,72.15568234685105,-1.9635593707193055,-0.8226425026167582,16.86611287447905,-1.3660277387838429,1.1083075347754145,333.8531829671644,-1.2059666260876372,-0.406068062384382,618.0733819842252,1.0
26,26000.0,28000.0,60,52.80000000000001,180.009523575088,45.136028964530816,0.21269296939429003,-1.0532319635324865,64.66324759883662,26.959803321167485,-19.453396854840875,,1.0868957821022474,surprise,0.9282893310651119,44.77292902587548,0.7258499843103301,1.0596110252503674,,,16.45701073749701,49.89110704102603,19.77405664431438,0.5092555958946623,33.97730616549977,-0.01600913436941046,9.760576906738258,-0.4348698781087769,-0.7939110901581351,108.90207159370227,0.5050014595220109,-58.66559580018431,-4.797512838773992,,,44.916125396307656,13.76753110129576,-0.8718964833918278,46.6368880452354,11.463114985084164,0.836151083195298,44.32505350401201,27.03163547375068,1.352564428528934,54.952164174824354,9.90893080279046,-1.066080456899723,49.50390998333463,7.764983189169521,0.8942059140348533,45.626623510429674,10.285752951827813,-0.19660154026902882,54.34368015993867,16.86919775712544,-0.23199454980808573,41.76452517684681,14.967081682144943,3.1864675643153024,29.766335288106898,69.27210122443914,22.398635948792695,93.18729474513762,29.031443026013314,64.58352576886365,26.75926685281417,64.94010109216504,21.176439201805245,75.97988113660669,16.95808556277671,53.63507349619216,22.255357768501085,82.9894759222801,26.62956042720061,64.91174558798829,1,1.688194301613413,-1.4980363100188947,0.7327669553569087,173.15917359210596,197.0500645908596,200.79321082394378,0.8181946884749468,-10.821141874120398,46.50090975607917,41.44178436684213,,,,,,,,,,,,,,,,,,61.06103646920334,14.72147649443202,-0.2446419313389334,-6.419080792801949,-1.0600874834581888,-0.5465832566222631,-0.2709663124581674,54.263450226555285,-1.142895686241324,-7.408188242646174,1.0530167336937393,0.1102194973491892,1.3302792725285686,1.557456687393042,1.0711073360993995,0.5720263115172887,0.8395406052368666,1.6571842605029814,0.479136850559618,0.9522723768929493,-1.321921476311654,0.6453362147236809,39.791700028888954,-1.0236845389031728,-1.96434048276201,0.7035009360034046,-1.5191207634738764,0.44348097836387357,19.036700565927717,-1.9635593707193055,-1.407321113703017,5.172475667734069,-0.43313074644365746,-0.1567745693638001,87.9715009032107,-1.2059666260876372,-0.40903519386622067,508.0171080720375,0.925
27,27000.0,29000.0,60,52.80000000000001,180.87718887680063,45.45607745027432,1.3574463480720829,0.8952320279612542,65.59807432643173,28.83304964751349,-20.112911576955632,,0.7912311456590919,surprise,1.5787123834774532,38.77605762499273,0.6554395513463107,-0.11935801473965336,,,15.751495426366464,51.17759098972834,16.243227905207434,-0.33369030327927074,32.60827929528511,-0.4477886490793935,12.127273805989027,-0.525977939695879,-1.783227560008847,107.33208737475518,-0.3208999381824855,-59.11704045318821,-4.947098633692632,,,47.027413693984876,15.271283715580655,0.3192283194739277,45.944495065737655,11.463114985084164,2.1645133508942296,43.36822966806061,27.03163547375068,0.16074855671148308,55.43894773406552,11.161864727901223,-0.3999539172954186,49.76815671087349,8.619077407365102,1.6442990317702757,45.72232082519262,10.70118457795745,0.3314156012080559,54.67731160225312,16.86919775712544,1.2971367407817436,41.6567026189049,14.672975942714865,2.9459046764300316,27.833107126687377,70.2747956595838,23.967470665390184,90.52308739330884,29.031443026013314,65.03047707497556,26.75926685281417,65.70087262031511,21.176439201805245,76.99641359597936,17.328517801051746,55.053313921385865,23.590346636086288,82.4703064724472,29.19134369906315,63.95688378226961,1,1.688194301613413,-3.614691575992999,2.430461418421788,174.6905493433534,200.86010917412327,201.37198915506625,0.7873207402805138,-10.337089961896055,39.80823344394891,34.15162342623272,,,,,,,,,,,,,,,,,,60.9854530401623,13.410148619228693,-0.2446419313389334,-7.413090763942725,0.6019162762661479,-0.5465832566222631,1.1596591695324467,54.089481016255704,-1.142895686241324,-8.399711594679333,0.16453078223151799,-0.7715364814443245,0.5124411940068262,1.0791604313786087,1.4321547527621186,0.500472643353989,1.5895344496230763,-1.374250362368326,0.8176205996829616,-2.082812128056933,0.73979091793588,1.2977793702412963,-0.7263529066112406,1.500469118666295,-1.2208022674707404,-1.2718076837490426,0.7295777350894276,0.39084563051756305,-0.03192536251124706,-0.862498041343994,-2.35679672619305,2.2500022183044317,-0.2998597475379167,-2.2592934391162567,0.23937027925594723,1.6316019058832738,-0.6764532673544955,499.59555989117183,0.875
28,28000.0,30000.0,60,52.80000000000001,181.11326527076747,45.45607745027432,0.9963623048675444,0.8952320279612542,66.00682321592544,28.798450329753468,-20.112911576955632,,0.9358562031958116,surprise,0.2998494635138841,41.541359141912686,0.7886381646848469,-0.3303289469919186,,,18.422541948329627,53.21986967144791,13.754109837170013,-1.1959178883615897,39.99197971633182,-1.6727147731354528,14.185594808707897,-1.9693100871477502,-1.1515759480589658,106.85630996938443,-0.1668035257559151,-59.34765058101642,-5.060461339214171,,,45.437239723617026,15.271283715580655,0.22062169619306693,45.86523666682435,10.449766761502683,0.2700340344650575,43.19531869773444,22.54655487630371,-0.0434083141141351,55.502900907498514,11.161864727901223,0.10740005879909595,50.26958875723326,8.619077407365102,0.08869609002850787,46.85170321675127,10.827207941545367,0.6836378719472295,55.17789140241128,16.040647111087683,1.5888818673334237,41.272790259915375,13.89899777120028,4.08538925219439,27.833107126687377,70.69355331571116,23.967470665390184,90.58068460152963,30.42339115178137,64.37442134243788,25.26707095110628,64.82035859051192,20.474776440372775,77.38173636842821,17.611575169539105,54.690137442139125,23.590346636086288,81.8004529820585,29.19134369906315,63.64391420814561,1,1.688194301613413,-2.0999373969855246,0.7123303234739294,178.302094596695,194.79797154718509,201.37533918904873,-0.23914731425820288,-10.641124708564734,48.99443529994318,34.83908421190708,,,,,,,,,,,,,,,,,,59.0885369658449,15.10878059342722,-0.2446419313389334,-5.801024718003715,-0.7106420816742193,-1.0511216473505063,0.7062327458017181,48.89282199465049,-1.142895686241324,-8.024763211069338,-1.1092590543534921,-1.2124144708410813,0.15871396535535223,1.1572878260808632,1.4321547527621186,0.1312446253151181,0.8123841473519879,-1.374250362368326,-0.6445167764020652,-1.8722889088779446,0.012127719966162138,0.7789777146711186,-0.8819623461595799,1.500469118666295,0.4002260582281617,-0.7914753504258732,-0.16990166433589401,0.4378131725236361,-0.22739938446859045,-0.862498041343994,0.8490168349754987,3.8117235451427476,-0.2998597475379167,-2.9350205379906904,0.8187818800584332,1.1586738172214555,0.17297415543885852,499.1475208423994,0.8
29,29000.0,31000.0,60,52.80000000000001,182.1025587391321,46.62118570997715,0.28180442037956466,0.24491783157905117,65.27314770188819,32.83629935857751,-19.711762829680882,,-0.3916935812274429,surprise,1.4428414132872054,48.788576469627046,0.5885512433250074,-0.1894353992760784,,,20.010505560749,50.986056777235184,16.892247076344947,-1.1359315807591341,41.97789647879769,-1.040944882695421,11.79470744052279,-2.0607998551078577,2.133561616860378,108.87856109792911,-0.796791431332156,-58.53126127136407,-4.9385246703877215,,,43.97239290618031,11.715751576408815,-1.4995534298969746,45.644965223239105,9.831865128092838,-0.36218603831300633,44.68173667594445,30.11451936183533,1.6709890677041752,53.0882409967506,9.530961637544781,0.4476420157818598,50.89571704676502,9.568944157173089,-0.03238436658171369,46.71198488195708,10.827207941545367,0.2843954122902926,54.743980148234115,16.040647111087683,0.3617693497925153,42.445335312539115,13.89899777120028,2.550594632661543,27.938544888951895,70.75271373367873,22.367045550551918,91.5616702640554,30.42339115178137,64.26724849701856,24.885876919210585,64.81386374571706,20.474776440372775,76.41670347973952,19.173080417465975,53.219993833060045,23.49091333467645,81.73499252062064,27.04957809152021,65.14625472751678,1,1.688194301613413,-1.633200297871116,0.751741086948817,171.6175873420431,195.02070615332752,204.5974845434904,0.04902602812897323,-10.796266856399903,40.83619305202043,37.158773275172045,,,,,,,,,,,,,,,,,,49.37903829458514,14.072878024379385,-0.2446419313389334,-5.220074300091108,2.296064376767738,-0.5465832566222631,-1.2815489237262285,60.23801005519505,-1.142895686241324,-7.957669109149819,0.32966891915287333,-1.2124144708410813,-0.024694259426657886,1.0645006517821487,-0.4934314694390495,0.2976367152518014,1.247608507128316,1.6571842605029814,-0.354655468854122,0.8573474368745264,0.9823453172591194,-0.055701126650450565,0.6749756202116102,1.079776842404717,-0.09778054322561992,-0.67820045370679,-0.01998843109834041,-0.08034005228651893,-0.8164619292380249,1.3396246174066293,-1.0370943941985042,2.890695888937907,-0.2998597475379167,-2.9499848219508764,-0.6953410143173915,1.6316019058832738,0.40428971302857986,499.3833322394231,0.85
30,30000.0,32000.0,60,52.80000000000001,182.3196257778267,46.62118570997715,0.5664111118836395,0.10649523359856566,64.86884012179574,38.28998878687615,-19.711762829680882,,-0.7748164212217831,surprise,-2.696026718424249,62.40908123157104,1.7686080273754294,-1.1037032492386532,,,19.209323952882833,50.07636706398964,16.256678887550322,0.5045440189166557,37.198355968076456,1.864094745530342,12.878636056479774,-1.9919583388901392,0.6656057138128186,109.12682161221252,-1.5728153100624793,-58.468467730573295,-4.901344033541848,,,44.67500246750654,12.776033934110078,-0.5489804757404347,44.907210883210105,9.755761528801758,0.04902170021029131,44.789447692112574,30.11451936183533,0.6959357124897061,53.41540767816349,10.622669025925777,1.6241639821598768,49.506533674863626,9.568944157173089,0.4465077598295525,46.36803426194788,10.50159005789764,-1.2336338280286112,55.54741477202358,15.63848413752692,-0.36109418883347844,42.47327939157417,13.100400685208768,-0.5695901506737117,27.938544888951895,70.28371424999092,20.67970439352794,89.0842315444233,29.018929167064954,64.27875982034654,28.956749201680065,66.17644229506898,20.71158839824042,75.63809133698851,19.173080417465975,53.925963801145315,23.49091333467645,81.35219483231225,27.04957809152021,64.04718741300522,1,1.688194301613413,-4.175735549377628,2.7710244297035094,171.44533655396782,197.86139066600728,207.12462891495167,0.07200206120854644,-10.946219486464594,35.78001395682985,37.540078430593645,,,,,,,,,,,,,,,,,,55.746390912187735,11.90992481244838,-0.2446419313389334,-7.095439011018759,3.6429321400880257,-0.5465832566222631,-0.6544390343384887,56.271266628308894,-1.142895686241324,-8.656318378806473,1.997566271213545,-1.2124144708410813,0.3558060695453595,1.3410290577628572,-0.4934314694390495,1.0491493629755135,2.930645604515847,1.6571842605029814,-0.041977334606317904,4.064477518556365,-1.321921476311654,0.874848794303511,1.4679203513964472,1.079776842404717,0.6083458562624265,-1.5085344446985953,-1.2192942969987692,-0.3025891943264694,0.5838445125947528,-1.4130287060316498,0.492281406809178,5.568655927553121,-0.2998597475379167,-3.1462644312342958,-0.9948662328649123,1.6316019058832738,0.989092559456352,502.3320210827886,0.9
31,31000.0,33000.0,60,52.80000000000001,179.299333909728,45.41252312120358,0.338257921055779,1.7545072276636622,64.48974112258021,37.942365122026416,-19.382901299313335,,1.6043120704862466,surprise,-2.3410674779903933,60.346746406658255,2.0086259429976687,-1.8045512602871363,,,19.527687803919715,51.33939444768593,16.641430815593402,-0.3837742924257552,40.14361728198136,1.8043233169194768,13.598663599628434,-1.6452096747672396,-1.5908711615275672,106.88484130452221,0.16362985569577612,-58.50996789306965,-4.693042314368292,,,45.02965354515551,12.776033934110078,-0.7644768992441466,44.729902896288365,10.666323437443626,0.7011367361592662,43.63705677084643,24.106756662831216,-0.22190913193524553,53.23538393372454,10.622669025925777,0.961018833211799,50.23985160110816,9.165716226735448,1.1613896705298725,44.950492438815886,9.469075471718599,-1.6477241633156021,55.24680587723537,15.63848413752692,-0.17041049098784997,41.46024630175049,12.674787100054953,0.5828193670147649,28.450239587076155,70.47316277217082,24.723160317736756,90.13956223409977,30.38623824499997,64.28445701293724,28.956749201680065,66.16907566545026,20.71158839824042,75.23413511619225,18.025898973683496,53.79692481132629,21.79506055727093,80.9601253103275,27.768047541732717,63.58565118320617,1,1.688194301613413,-1.7788343966579923,1.1862793203220574,166.78769215540822,194.98629397784947,202.30316257554043,1.6903955083845879,-10.945867663834486,40.14911506104336,38.91085119740204,,,,,,,,,,,,,,,,,,60.018750403796936,16.06303148275907,-0.2446419313389334,-7.4078919010287665,-0.40105667232685144,-1.0511216473505063,0.9746054090625247,56.659164757421905,-1.142895686241324,-8.67236715308159,0.7121964294232096,0.551097486745946,-0.13890418365025342,1.6502839400030935,1.4321547527621186,0.6734724797623634,1.4497958704915108,1.6571842605029814,0.4252230437040956,0.8137234273857539,-1.321921476311654,0.8624624035936511,1.9607176730355378,1.079776842404717,0.047512527763157335,-0.6560729679737781,0.7295777350894276,0.28904037705428703,0.486741720820235,0.23856328803131766,1.266564164506482,5.3872518159136655,-0.2998597475379167,-3.29342480843145,-1.0814532275193858,1.1586738172214555,0.29022941386810874,496.6678731622397,0.775
32,32000.0,34000.0,60,52.80000000000001,177.41222064063692,45.14863619815464,0.9436732779526907,2.0651653155734415,64.36316293781569,35.346946739398824,-19.382901299313335,,1.3970639275053112,surprise,0.8888310070578794,48.76993784841379,1.4713443808005005,-0.9149051103120356,,,20.450655183474634,51.45171646762909,16.552072864560163,0.7602966333454438,43.51643746186972,-0.5755235825019894,14.726095379490292,-0.3569564496592872,0.31168045809934997,105.6366008331084,0.7819143613642283,-58.269990739059644,-4.6327422187999,,,45.44164666437147,13.484084236954029,0.3632805737464078,45.747729733296936,12.186319498361772,0.2590088462417427,44.78841325715037,26.50317396423915,3.00676505884771,54.30385341536168,10.898446665831267,0.5671666346291201,50.95695755259908,9.165716226735448,1.3789442607588909,45.341466732815555,10.260444319237038,-2.372530861025377,52.24050340903273,12.8398235024844,-1.7533495001276223,41.32629631779083,13.188952477359253,2.805170813336384,28.450239587076155,71.3258635135148,24.723160317736756,92.22655494871171,30.38623824499997,63.752162124615175,25.84081180355917,65.55330606562566,22.03083270946434,75.56691716556298,18.025898973683496,52.94483939956476,22.830761944790353,81.62699898022034,27.768047541732717,64.69175367900509,1,1.688194301613413,-0.6777141481301481,1.4639313591376393,170.6520934631454,200.54458231616888,192.9134446468916,1.4741570136589248,-10.627838269126588,46.72042458384459,32.301729105397264,,,,,,,,,,,,,,,,,,61.50812200045172,14.603185125418094,-0.2446419313389334,-7.477787384218115,-0.3957542079617424,-1.0511216473505063,-0.06289173160241551,59.3747960028928,-1.142895686241324,-8.654380709100156,1.5931205633675924,1.4328534655394598,1.000494566503253,1.6675409785329518,0.4693616416615345,0.1728374413390495,1.2433917814601896,-0.16167651321980303,0.4506357390997936,0.6120999851061111,-0.10914947969545752,0.03860079679585897,0.23864877068289966,0.659084566143139,-0.11051495152733573,0.676142956062706,0.7295777350894276,0.5434584466595532,-0.38671347665511635,0.23856328803131766,-0.7706112779679737,1.8466260648767003,-0.2998597475379167,-2.121321065617568,-1.2561328677564483,1.1586738172214555,0.14108769451709371,495.6015245520615,0.75
33,33000.0,35000.0,60,52.80000000000001,177.02150887940087,45.61485302398493,0.7069019006728213,2.0651653155734415,64.37250671642097,32.06004056710351,-19.836086069951236,,0.1356688149259217,surprise,2.801329947836947,67.75705519710682,-0.025175035775914515,0.02989022456542508,,,21.475469700936923,52.03488425158,16.495378683467333,0.7595570021818776,35.90326473644317,-1.5021981194007101,15.824222330364174,0.17421257244276644,2.1805483425278744,107.10870835462073,-0.47892566030969036,-58.79578868003171,-4.832543928512669,,,44.95303324425416,14.574918249752004,1.7549963559063995,47.272312132661185,12.604705902615436,-0.18268473629097015,43.44111604870257,26.50317396423915,2.1781330114626924,57.01251160516356,10.898446665831267,-0.41924438498755645,49.97020684791642,7.862307845697121,-0.5722648073049194,47.51636246808595,11.955490746850689,0.06885552211579768,52.47967738424392,13.674546670016154,-2.7188960275957723,40.86068435122804,13.188952477359253,2.946030065287408,27.964481102388376,69.46557305671358,22.895416304754374,92.0238407447581,27.53043305335858,63.18282083983472,25.84081180355917,65.37270127674866,22.03083270946434,76.42856317606815,17.984167895333137,53.619268047272534,22.830761944790353,82.13484095471883,25.38874803880277,65.13792479124214,1,1.688194301613413,-4.5373673030509405,2.9727056165832906,184.29477003107453,194.0236479815565,191.88765978433014,-0.9824569278063354,-10.968670448980138,45.254506126335336,32.850060656842636,,,,,,,,,,,,,,,,,,58.62682399166838,14.940294519575154,-0.2446419313389334,-6.920595565453661,0.12049788594331455,1.471570306290709,1.308009071600907,62.892734622969606,-1.142895686241324,-8.412657122685198,1.441693260574918,1.4328534655394598,0.9666875284476958,2.1581751944591434,0.4693616416615345,0.9328186172614129,1.8252293926229164,-0.16167651321980303,0.3479046234900499,0.15527261485653,-0.23042667935707717,-0.17115996820053128,-0.19929788425538233,1.500469118666295,1.068670455192103,0.6660841903551447,-1.0693810637612156,0.44053267928255924,-0.3390864384928665,-1.9635593707193055,0.4919863911971201,4.002991717047397,-0.2998597475379167,-2.4793968155460733,-0.6319583278043971,-0.2601104487640001,0.6813008031750728,499.3501263238731,0.825
34,34000.0,36000.0,60,52.80000000000001,90.37389308279754,45.61485302398493,0.48581231332869657,-0.7551530543608527,32.5089229387609,328.26956853177893,-19.836086069951236,,1.5338129301764187,surprise,2.692370892082043,41.35727297456049,-0.24414131634782046,-0.5619733887378786,,,14.137478213184322,26.509300273791045,61.7101638271347,-1.1159135305377228,14.947635256906402,-1.093486002223029,6.103221642956543,-1.4482727116578364,-0.21625330097562462,55.64302358307043,282.8016819809976,-29.934234946138673,113.89212570332673,,,22.35507564757984,14.574918249752004,64.31799867392786,24.91127514591444,12.604705902615436,55.831132682657014,21.618234935951143,20.3431552363653,54.610010358648424,28.768272727538456,10.737737913016737,49.29977735466039,27.173884227768532,6.834687609020812,44.76909627864392,25.064858070206224,11.955490746850689,68.733404203727,28.29324868377093,13.674546670016154,63.29171584994835,19.459939683974188,12.307797534825289,95.33624399594473,25.159597365042085,36.9137867501775,22.895416304754374,47.37716001021872,27.603494883328693,33.8663156109144,25.11337623208342,34.34172196590207,21.357709671768255,38.713216818320966,17.984167895333137,28.241916059282318,22.198219372351883,42.48539943664636,25.38874803880277,34.379880222429065,1,1.688194301613413,-3.661689203115376,0.5432680381293322,66.73283004120854,67.77757223363992,68.95542447723628,8.961224376159452,103.69577703766267,42.38486100382717,37.509325406634,,,,,,,,,,,,,,,,,,58.56030051574331,16.838311839605755,-0.2446419313389334,-4.623289018744049,-0.6741375199996645,1.471570306290709,-0.2026533429727933,53.07806541037656,-1.142895686241324,-7.8381916022037945,-0.39723971681015185,0.9919754761427029,-0.06109260165682435,1.317460774073941,-0.8544788861017685,0.15127664436618923,0.47099543905355956,-0.16167651321980303,0.34343250167259776,0.25951964996148047,-1.0793670769884147,0.6822543223157669,32.33241063120173,-1.0236845389031728,-1.564283067295592,0.6991083495312088,-1.2192942969987692,0.283868836775116,19.508085101268126,-1.9635593707193055,-0.8126236421711001,7.690634071290115,-0.2998597475379167,-1.490087519214299,80.26710948175243,-1.2059666260876372,-1.2934078148896018,565.7573884576661,0.975
35,35000.0,37000.0,60,52.80000000000001,2.129431289809073,21.393821157734116,1.108416212209459,2.1608190081774246,0.47410059187771775,7.924417691951031,-18.320210343165392,,0.6586080737983502,neutral,-0.22206398340492772,0.9123876207012421,-0.8139509016840784,-1.3954236344229856,,,-0.7958224257542217,1.4738642358547407,0.7230271443697383,0.874800540203348,0.23712713558729065,-0.1480997865045694,-1.2521218289954053,-3.099247055815435,-2.672310814249838,1.0768458298647476,16.134386717657357,-0.02358100517873017,7.576546325464556,,,0.4391691188242663,7.898143555122748,2.8246442649890957,1.590152336966356,11.54134888038379,6.312391945588772,0.0832447220112702,3.160958073345204,1.4339978824631054,-0.7619027625233795,4.94445182656181,2.535576022369859,2.5975955657378114,5.967400642121983,3.140270340048338,1.6022898659591012,8.135056885957301,4.689844254913319,2.3934248385872805,11.227897344742612,5.580453212867273,-0.9663113692751161,6.3287664172102165,2.943552923883226,21.890624737045613,3.623853181872409,18.597625579433018,1.1201748331415098,27.603494883328693,2.299405060267891,23.252311643875245,1.4849597041367624,15.947075978715027,0.6960120695948415,14.80069370614311,1.5829391991033865,16.97174091314643,1.2414302840000635,19.02154915961163,1.365182016447579,1,1.688194301613413,-1.4042084654068832,0.7918953154546473,0.6314558591673484,0.4783444558348434,0.8071378565717408,1.9850505955072362,10.438040674189958,46.672471606587436,33.486524735570676,,,,,,,,,,,,,,,,,,60.59721576271161,8.871456550869002,-0.2446419313389334,-1.502894003088226,-1.5825322793447936,1.976108697018952,-0.39665560529421257,22.50566145352635,-1.142895686241324,-4.683112703783989,0.09585634521435063,0.551097486745946,0.6902921050274258,0.9788259591604953,1.0711073360993995,0.38945651848658414,0.8082582337434218,-1.374250362368326,0.6984322715998973,3.8245354084070002,-0.7155354780035558,0.2242222738870606,125.81437681214975,-1.0236845389031728,-0.5264517225497499,5.315058777741396,-1.3692075302363227,0.5811558334502146,85.6045358510407,-1.9635593707193055,-0.37627514141532925,13.56042217552863,-0.5664017453493982,-0.5625743599699822,305.65356584093473,-1.2059666260876372,-0.5677503485892174,360.0971342907447,0.725
36,36000.0,38000.0,60,52.80000000000001,1.0629459865576136,0.666237901530823,0.9250740747651822,2.1608190081774246,0.2008569180803597,-0.18527151561912064,-0.11424651614545117,,0.24464722791043134,neutral,0.17593990384513275,-0.8662728805822008,-0.14554062268360252,-0.5493181110251436,,,1.193733638631332,0.2530822896125182,-0.20896569896985495,1.962980312736863,0.8772892895558295,1.0351715831458568,-0.1517939928801802,-1.5929063456982675,-0.2291095018993848,0.6346733912038242,-1.075182410713669,-0.33498869550266086,0.7215823213121546,,,0.6954949477196347,-0.4363952714407957,-0.62113302824028,0.38386205898020165,-0.2868920882539565,-1.3296284915826044,-0.7029025071579984,0.10252874604356131,-1.5437977040180177,1.2560379171304732,-0.4555889075161236,1.288155573051019,0.49971957923206306,0.11077962784918402,-0.35510164587304976,0.595491797799081,0.5530284199193475,0.22295228168250347,2.3558460521267874,0.39859532146164445,0.29403693197475034,-0.3475505332437344,0.9322007163060407,0.36214117386044486,-0.8269606499384353,0.8361237429818758,0.037239628429667604,-0.40509081592883645,-0.9485240706102057,-0.3554400395570611,0.1291553745775826,-0.18325284088908617,3.6437532199126474,0.16684104625006874,-0.40289699169639603,-0.48390521159315636,1.1322727602859581,0.34809843048191474,2.71731412319897,0.5016000586206507,0,-0.5627314338711377,-0.1314973375577753,0.795699524340564,1.2618380554469524,-0.05474393397492094,1.437657507199377,0.3159343855405257,-0.5841905512614416,-1.7798576556497194,-1.7118509320330713,,,,,,,,,,,,,,,,,,0.9989331606249966,-0.2420663867044342,-0.7380374231149341,0.2059012176019555,-1.081607521942967,1.976108697018952,0.3456226685617603,1.6888586880497767,-1.32054786544982,-0.09318857568334206,1.4662639240499633,0.551097486745946,1.6595687009386357,1.3819936527992316,1.1914564749869725,1.0011902241531987,3.2403260728882275,1.05089733592872,1.162528237056639,3.3083212362321,0.3759593189510211,0.6462400438061958,38.03836414255983,-1.0236845389031728,-0.8237949695850686,2.940725453222193,-1.3692075302363227,0.2248629263589357,23.802652289392796,-1.9635593707193055,-0.6410753368015116,2.1589213733019945,-1.232756739878102,0.3494347430339234,100.02908866798323,-1.2059666260876372,-1.181983239064215,110.2940812958272,0.7
37,37000.0,39000.0,60,52.80000000000001,1.3666328572763355,-1.1139347187946425,1.9249466493286884,2.4641921136800855,0.4201504791979531,1.700291415536103,-0.11424651614545117,,1.8434327808005178,neutral,0.3698513856049743,-0.9193507407730842,0.06575492047738098,0.7935774840346753,,,1.193733638631332,-0.48907216825218136,-0.5380074766048796,-0.606644760509513,1.012197494686485,-0.09665953311766456,-0.00038865215760324737,0.3933453607354589,0.5341637490966086,1.0955730327745687,-0.7667609854081574,-2.407208788021291,0.49923160143147083,,,0.6108725262185917,-0.4363952714407957,0.34587603100141373,0.1431144719058953,-0.6658228334467549,-0.6053678718588957,-0.13758308048374077,-2.4246727258345167,-1.274015358024948,3.3129203969915113,0.3222036868226888,0.5375673092258175,0.47297083935479745,0.04801153077036449,-0.23122307053575397,0.2935693087942115,-0.5612841350496398,0.30097798895228295,2.0398159499270796,0.4544732054281627,0.7912427083156804,0.4816439603888395,0.9322007163060407,4.504309631104109,0.03910596070391501,0.24101476705485292,0.037239628429667604,0.255168385672364,-0.4798505813155665,-0.459794080852078,0.1291553745775826,0.398357708682774,2.0903470278766685,0.8236750366393486,2.6478016389751544,-0.5352626313492022,1.1322727602859581,-0.7334607970568926,-0.2757125450733956,-0.5340151312044512,0,-0.5627314338711377,0.3049598369047276,-1.113825287067404,2.3574580269443275,0.41660882387677434,2.069915236888938,0.3693578047657234,0.4163910362954999,0.059275695563613645,1.0803081821248486,,,,,,,,,,,,,,,,,,-0.5620941819383743,-0.7515901983113344,0.6188001792690679,-0.19027154522547574,-0.7694678038699494,-1.0511216473505063,0.43796752838842684,0.8896377740118747,0.4559739266351404,0.2019828337457776,-0.22504189435801927,1.4328534655394598,-1.5898588224139618,-0.24011413763648604,1.3118056138745455,0.25123159018878793,0.034604917670672246,-0.16167651321980303,0.8267198179790582,4.017283322130952,0.25468211928940143,0.349671680955781,-0.6429192458033374,-1.0236845389031728,-0.5143851777070366,0.39540368193338743,-1.2192942969987692,0.8854926896237537,-0.02559481391086771,0.7890939527189734,0.53372307317817,1.0550962346537245,0.8995792426137501,0.7185360261717609,-0.30841819686941097,-0.7330385374258186,0.2950353848338384,12.022479366363502,0.575
38,38000.0,40000.0,60,52.80000000000001,0.04490878096104629,-0.4531859278604993,0.8065244744644706,2.4641921136800855,0.9146330316302435,1.6042905886339063,-0.38275199057406234,,0.4976796287040573,neutral,-0.31773392001699446,-2.2206196459834517,0.6743509206290539,0.2259026918625816,,,-0.7958224257542217,1.9067070334630674,0.4294095144834414,-0.22494749291274974,-0.32700250632970446,0.4970184798241387,-0.2839442309918216,-0.738302335565955,0.28370670704926954,0.5670375024207153,0.7297669100129381,-2.794374563011895,0.6779473928593956,,,-0.32359796262921137,-0.6801649361190351,0.2200980597078408,0.37679407952556776,-0.6658228334467549,-0.5889005259630652,0.4611756738084155,2.4152636847756344,0.2756237527949846,-0.2031213857168105,0.3222036868226888,0.7088404623010319,0.6832222908642018,0.17499225232298898,0.5670895448592933,1.5792863645034794,-0.2792186394168005,0.8158660450072024,0.15518988494655303,0.4544732054281627,1.3565482292224136,-0.0874451670322294,-0.21267204823625924,2.939791331587873,0.09135266610135565,0.05592011545694474,-0.28043972404982953,1.2093948357881734,-0.028450370498506194,-0.8698208457878419,-0.5383642347689719,-0.7107855881786955,2.0903470278766685,0.49505461731483724,2.6478016389751544,-0.758782410886994,1.6543783599188333,-2.6201645538029457,-1.1053761233366668,0.0860433382546292,0,-0.5627314338711377,-0.4898229120640222,-1.015322967334576,1.007238325032237,0.1544633298712602,0.050480499178803435,0.22887014292278768,1.2442626962038543,-0.9102779113532012,-0.2242041104384851,,,,,,,,,,,,,,,,,,1.6681033958234692,-0.5101740674467287,-0.9847351690029346,-0.16010760859382184,-0.05152512034040259,-1.0511216473505063,0.8039553785301154,0.385962730656411,1.5218870018861166,0.381220723613857,0.06504027916290611,1.4328534655394598,-0.0342107828923773,-0.8248716646255574,0.8304090583242535,0.2214947494026319,-1.3701037117176884,-0.16167651321980303,0.22741954325437858,0.08554013963157711,-0.7155354780035558,0.09802773685903406,0.9962364115749255,1.500469118666295,-0.985370309801548,1.2967631737971559,-0.919467830523662,0.12282955859456704,-0.36934011559305147,-1.9635593707193055,0.6151293875113498,2.898949383802352,-0.699672744255139,-0.03132153082910369,-0.744776239280116,1.1586738172214555,0.5398413580969408,11.041706915880983,0.475
39,39000.0,41000.0,30,26.399999999999995,-0.8068679403651878,-0.4531859278604993,-1.4091386079636903,-0.5933115490119684,1.0916015870006048,1.3414841344176052,-0.38275199057406234,,-1.1931220577650168,neutral,-0.7725996473316977,-3.216010093675945,2.877022835551425,-0.9442970682672457,,,-0.7958224257542217,3.05808627632059,0.9927681904087168,1.7282126691332933,-1.4696052341125676,2.1183991544742327,-1.1410498980273427,-2.7717317037920375,-0.15111647822013777,0.8207483335527913,2.013080623345206,-2.027267037054237,0.7340661268116603,,,-1.1363334724868521,-1.5154935752328236,-1.2497605936638059,0.8261565749412912,-1.8336556533358346,-1.767694970598457,0.6914408221269344,2.4152636847756344,0.7545609565676534,-2.0617295441905674,-1.7802137189304659,-0.06287515767233598,0.3364689429383171,0.17499225232298898,0.6715548925684204,1.9371865938360047,-0.2792186394168005,0.43581313159190394,-1.7735596143800758,-1.0992738648047478,0.700861147478329,-0.19903251732558397,-1.0309549037827386,-0.07940497522105712,0.09135266610135565,-0.5050901646813085,-0.28043972404982953,1.1278287973506438,-0.028450370498506194,-1.3818483468987315,-1.776012768556396,-2.2723213786184333,0.1052658236297404,-0.366654110422266,1.4307897061350738,-2.234980896341711,1.6543783599188333,-2.5262072563492945,-1.1053761233366668,2.1313774915592,0,-0.5627314338711377,-0.408443239645767,-0.9540991380288949,-0.06613332571254475,-0.3753251824169708,-1.5015105190859213,-0.18270557880725755,-0.6127121554671293,1.257529631074062,-1.235982675923996,,,,,,,,,,,,,,,,,,0.1094421787342145,0.24206708444136,-1.0669677509656015,-1.4441774494006006,-0.10516796724467523,0.6306729884103038,-0.11570166371012386,-0.3079616332107992,1.4626696088166176,-1.3689585635267334,-0.028070518682532877,0.8450161463437833,-0.9565877786709994,-0.8232341598362525,-0.3329659509222856,-1.6709676855872606,-1.3607795190653693,0.8488016944039652,-0.5460383785769596,-1.30119654412868,-0.6751097447830161,-0.9093443010068677,1.543186189568368,1.500469118666295,-1.7941943639402689,2.1849823895608322,-0.4697281308110012,-0.23097179069280194,-0.2734827541542082,-0.862498041343994,-2.311784791936284,3.40490936473373,-0.6552490779532255,-1.7955634987010805,-1.5019283436923834,1.0010311210008485,-1.3484063828019133,14.266638661164684,0.65
